customerId,currency,year,month,sum
0b000de2-63f9-48e4-b9ef-36e2a797f804,GBP,2023,11,-506.13000000000005
0b000de2-63f9-48e4-b9ef-36e2a797f804,GBP,2023,10,-3035.3399999999997
0b000de2-63f9-48e4-b9ef-36e2a797f804,GBP,2023,9,-936.5300000000004
0b000de2-63f9-48e4-b9ef-36e2a797f804,GBP,2023,8,1770.0300000000002
0b000de2-63f9-48e4-b9ef-36e2a797f804,GBP,2023,6,-1704.61
0b000de2-63f9-48e4-b9ef-36e2a797f804,GBP,2023,5,-837.6499999999997
0b000de2-63f9-48e4-b9ef-36e2a797f804,GBP,2023,4,-1248.71
0b000de2-63f9-48e4-b9ef-36e2a797f804,GBP,2023,3,-2557.6000000000004
0b000de2-63f9-48e4-b9ef-36e2a797f804,GBP,2023,1,-256.85
0b000de2-63f9-48e4-b9ef-36e2a797f804,GBP,2022,12,1791.43
0b000de2-63f9-48e4-b9ef-36e2a797f804,GBP,2022,11,-2673.94
0b000de2-63f9-48e4-b9ef-36e2a797f804,GBP,2022,10,-3028.4800000000005
0b000de2-63f9-48e4-b9ef-36e2a797f804,GBP,2022,9,-4444.660000000001
0b000de2-63f9-48e4-b9ef-36e2a797f804,GBP,2022,8,-3026.54
0b000de2-63f9-48e4-b9ef-36e2a797f804,GBP,2022,7,-452.53000000000003
0b000de2-63f9-48e4-b9ef-36e2a797f804,GBP,2022,6,783.4900000000002
0b000de2-63f9-48e4-b9ef-36e2a797f804,GBP,2022,5,-2218.67
0b000de2-63f9-48e4-b9ef-36e2a797f804,GBP,2022,4,1318.09
0b000de2-63f9-48e4-b9ef-36e2a797f804,GBP,2022,3,2411.9
0b000de2-63f9-48e4-b9ef-36e2a797f804,GBP,2022,2,234.06
0b000de2-63f9-48e4-b9ef-36e2a797f804,GBP,2022,1,-1255.53
0b000de2-63f9-48e4-b9ef-36e2a797f804,GBP,2021,12,-118.06000000000006
0b000de2-63f9-48e4-b9ef-36e2a797f804,GBP,2021,11,-545.6099999999997
0b000de2-63f9-48e4-b9ef-36e2a797f804,GBP,2021,10,1379.06
0b000de2-63f9-48e4-b9ef-36e2a797f804,GBP,2021,9,-17.14
0b000de2-63f9-48e4-b9ef-36e2a797f804,GBP,2021,8,-1100.9099999999999
0b000de2-63f9-48e4-b9ef-36e2a797f804,GBP,2021,7,-4835.659999999999
0b000de2-63f9-48e4-b9ef-36e2a797f804,GBP,2021,6,1268.65
0b000de2-63f9-48e4-b9ef-36e2a797f804,GBP,2021,5,-1167.9499999999998
0b000de2-63f9-48e4-b9ef-36e2a797f804,GBP,2021,4,470.5
0b000de2-63f9-48e4-b9ef-36e2a797f804,GBP,2021,3,2959.17
0b000de2-63f9-48e4-b9ef-36e2a797f804,GBP,2021,2,642.49
0b000de2-63f9-48e4-b9ef-36e2a797f804,GBP,2021,1,1329.12
0b000de2-63f9-48e4-b9ef-36e2a797f804,GBP,2020,12,2105.26
0b000de2-63f9-48e4-b9ef-36e2a797f804,GBP,2020,11,-1336.37
0b000de2-63f9-48e4-b9ef-36e2a797f804,GBP,2020,10,-196.05
0b000de2-63f9-48e4-b9ef-36e2a797f804,GBP,2020,9,-1886.3100000000004
0b000de2-63f9-48e4-b9ef-36e2a797f804,GBP,2020,8,2170.03
0b000de2-63f9-48e4-b9ef-36e2a797f804,GBP,2020,7,-2605.21
0b000de2-63f9-48e4-b9ef-36e2a797f804,GBP,2020,6,-402.45
0b000de2-63f9-48e4-b9ef-36e2a797f804,GBP,2020,5,-2595.8199999999997
0b000de2-63f9-48e4-b9ef-36e2a797f804,GBP,2020,4,-1281.07
0b000de2-63f9-48e4-b9ef-36e2a797f804,GBP,2020,3,2713.63
0b000de2-63f9-48e4-b9ef-36e2a797f804,GBP,2020,2,2005.32
0b000de2-63f9-48e4-b9ef-36e2a797f804,GBP,2020,1,-1905.92
0b000de2-63f9-48e4-b9ef-36e2a797f804,GBP,2019,12,12.510000000000105
0b000de2-63f9-48e4-b9ef-36e2a797f804,GBP,2019,11,920.58
0b000de2-63f9-48e4-b9ef-36e2a797f804,GBP,2019,10,2616.06
0b000de2-63f9-48e4-b9ef-36e2a797f804,GBP,2019,9,-4020.56
0b000de2-63f9-48e4-b9ef-36e2a797f804,GBP,2019,8,-1849.17
0b000de2-63f9-48e4-b9ef-36e2a797f804,GBP,2019,7,-5492.08
0b000de2-63f9-48e4-b9ef-36e2a797f804,GBP,2019,6,-2936.13
0b000de2-63f9-48e4-b9ef-36e2a797f804,GBP,2019,5,293.26
0b000de2-63f9-48e4-b9ef-36e2a797f804,GBP,2019,4,208.4000000000001
0b000de2-63f9-48e4-b9ef-36e2a797f804,GBP,2019,3,448.43999999999994
0b000de2-63f9-48e4-b9ef-36e2a797f804,GBP,2019,2,-1467.57
0b000de2-63f9-48e4-b9ef-36e2a797f804,GBP,2019,1,1102.15
187f9365-f647-4184-bfbb-5667bc66a24f,GBP,2023,11,-4842.069999999998
187f9365-f647-4184-bfbb-5667bc66a24f,GBP,2023,10,281.3900000000001
187f9365-f647-4184-bfbb-5667bc66a24f,GBP,2023,9,1683.3300000000004
187f9365-f647-4184-bfbb-5667bc66a24f,GBP,2023,8,-3158.24
187f9365-f647-4184-bfbb-5667bc66a24f,GBP,2023,7,-2754.9900000000002
187f9365-f647-4184-bfbb-5667bc66a24f,GBP,2023,6,-597.7700000000001
187f9365-f647-4184-bfbb-5667bc66a24f,GBP,2023,5,768.8499999999997
187f9365-f647-4184-bfbb-5667bc66a24f,GBP,2023,4,634.4700000000001
187f9365-f647-4184-bfbb-5667bc66a24f,GBP,2023,3,-3284.7
187f9365-f647-4184-bfbb-5667bc66a24f,GBP,2023,2,7033.570000000002
187f9365-f647-4184-bfbb-5667bc66a24f,GBP,2023,1,-2080.87
187f9365-f647-4184-bfbb-5667bc66a24f,GBP,2022,12,926.3399999999999
187f9365-f647-4184-bfbb-5667bc66a24f,GBP,2022,11,4792.329999999999
187f9365-f647-4184-bfbb-5667bc66a24f,GBP,2022,10,2435.5499999999997
187f9365-f647-4184-bfbb-5667bc66a24f,GBP,2022,9,-2511.7599999999998
187f9365-f647-4184-bfbb-5667bc66a24f,GBP,2022,8,2866.56
187f9365-f647-4184-bfbb-5667bc66a24f,GBP,2022,7,-1915.9900000000002
187f9365-f647-4184-bfbb-5667bc66a24f,GBP,2022,6,-752.7000000000003
187f9365-f647-4184-bfbb-5667bc66a24f,GBP,2022,5,1433.81
187f9365-f647-4184-bfbb-5667bc66a24f,GBP,2022,4,1499.69
187f9365-f647-4184-bfbb-5667bc66a24f,GBP,2022,3,-2038.6499999999994
187f9365-f647-4184-bfbb-5667bc66a24f,GBP,2022,2,-1281.1699999999998
187f9365-f647-4184-bfbb-5667bc66a24f,GBP,2022,1,619.1700000000002
187f9365-f647-4184-bfbb-5667bc66a24f,GBP,2021,12,-4337.12
187f9365-f647-4184-bfbb-5667bc66a24f,GBP,2021,11,2253.930000000001
187f9365-f647-4184-bfbb-5667bc66a24f,GBP,2021,10,821.6999999999999
187f9365-f647-4184-bfbb-5667bc66a24f,GBP,2021,9,341.7600000000002
187f9365-f647-4184-bfbb-5667bc66a24f,GBP,2021,8,338.47999999999985
187f9365-f647-4184-bfbb-5667bc66a24f,GBP,2021,7,4691.59
187f9365-f647-4184-bfbb-5667bc66a24f,GBP,2021,6,-2142.67
187f9365-f647-4184-bfbb-5667bc66a24f,GBP,2021,5,-93.22999999999976
187f9365-f647-4184-bfbb-5667bc66a24f,GBP,2021,4,-663.1299999999995
187f9365-f647-4184-bfbb-5667bc66a24f,GBP,2021,3,-2330.5099999999998
187f9365-f647-4184-bfbb-5667bc66a24f,GBP,2021,2,2131.73
187f9365-f647-4184-bfbb-5667bc66a24f,GBP,2021,1,1524.5499999999997
187f9365-f647-4184-bfbb-5667bc66a24f,GBP,2020,12,1397.23
187f9365-f647-4184-bfbb-5667bc66a24f,GBP,2020,11,1121.9699999999998
187f9365-f647-4184-bfbb-5667bc66a24f,GBP,2020,10,-415.36999999999995
187f9365-f647-4184-bfbb-5667bc66a24f,GBP,2020,9,783.31
187f9365-f647-4184-bfbb-5667bc66a24f,GBP,2020,8,-1892.2400000000007
187f9365-f647-4184-bfbb-5667bc66a24f,GBP,2020,7,-3063.84
187f9365-f647-4184-bfbb-5667bc66a24f,GBP,2020,6,-2523.26
187f9365-f647-4184-bfbb-5667bc66a24f,GBP,2020,5,4216.48
187f9365-f647-4184-bfbb-5667bc66a24f,GBP,2020,4,9.920000000000073
187f9365-f647-4184-bfbb-5667bc66a24f,GBP,2020,3,2480.12
187f9365-f647-4184-bfbb-5667bc66a24f,GBP,2020,2,-1200.4300000000003
187f9365-f647-4184-bfbb-5667bc66a24f,GBP,2020,1,1362.3
187f9365-f647-4184-bfbb-5667bc66a24f,GBP,2019,12,1519.98
187f9365-f647-4184-bfbb-5667bc66a24f,GBP,2019,11,-1797.0099999999998
187f9365-f647-4184-bfbb-5667bc66a24f,GBP,2019,10,3197.5499999999997
187f9365-f647-4184-bfbb-5667bc66a24f,GBP,2019,9,-3142.4099999999994
187f9365-f647-4184-bfbb-5667bc66a24f,GBP,2019,8,1639.0
187f9365-f647-4184-bfbb-5667bc66a24f,GBP,2019,7,-1386.6599999999999
187f9365-f647-4184-bfbb-5667bc66a24f,GBP,2019,6,-179.8700000000007
187f9365-f647-4184-bfbb-5667bc66a24f,GBP,2019,5,-1585.7299999999998
187f9365-f647-4184-bfbb-5667bc66a24f,GBP,2019,4,-485.7500000000002
187f9365-f647-4184-bfbb-5667bc66a24f,GBP,2019,3,2545.5499999999997
187f9365-f647-4184-bfbb-5667bc66a24f,GBP,2019,2,-1262.02
187f9365-f647-4184-bfbb-5667bc66a24f,GBP,2019,1,4558.339999999999
38532446-7f94-4b2f-8294-9f7ee4453051,USD,2023,11,1550.75
38532446-7f94-4b2f-8294-9f7ee4453051,USD,2023,10,111.33000000000004
38532446-7f94-4b2f-8294-9f7ee4453051,USD,2023,9,-1715.2199999999998
38532446-7f94-4b2f-8294-9f7ee4453051,USD,2023,8,1029.5499999999997
38532446-7f94-4b2f-8294-9f7ee4453051,USD,2023,7,3236.2700000000004
38532446-7f94-4b2f-8294-9f7ee4453051,USD,2023,6,-753.63
38532446-7f94-4b2f-8294-9f7ee4453051,USD,2023,5,4482.249999999999
38532446-7f94-4b2f-8294-9f7ee4453051,USD,2023,4,-1409.6299999999999
38532446-7f94-4b2f-8294-9f7ee4453051,USD,2023,3,2659.8900000000003
38532446-7f94-4b2f-8294-9f7ee4453051,USD,2023,2,-3176.6300000000006
38532446-7f94-4b2f-8294-9f7ee4453051,USD,2023,1,-2952.68
38532446-7f94-4b2f-8294-9f7ee4453051,USD,2022,12,355.4200000000001
38532446-7f94-4b2f-8294-9f7ee4453051,USD,2022,11,-1641.9500000000003
38532446-7f94-4b2f-8294-9f7ee4453051,USD,2022,10,-990.5999999999999
38532446-7f94-4b2f-8294-9f7ee4453051,USD,2022,9,-144.86
38532446-7f94-4b2f-8294-9f7ee4453051,USD,2022,8,-1343.22
38532446-7f94-4b2f-8294-9f7ee4453051,USD,2022,7,-783.57
38532446-7f94-4b2f-8294-9f7ee4453051,USD,2022,6,561.23
38532446-7f94-4b2f-8294-9f7ee4453051,USD,2022,5,485.14999999999986
38532446-7f94-4b2f-8294-9f7ee4453051,USD,2022,4,-203.7700000000002
38532446-7f94-4b2f-8294-9f7ee4453051,USD,2022,3,-1579.45
38532446-7f94-4b2f-8294-9f7ee4453051,USD,2022,2,-160.78999999999996
38532446-7f94-4b2f-8294-9f7ee4453051,USD,2022,1,4967.969999999999
38532446-7f94-4b2f-8294-9f7ee4453051,USD,2021,12,-320.11
38532446-7f94-4b2f-8294-9f7ee4453051,USD,2021,11,-1493.33
38532446-7f94-4b2f-8294-9f7ee4453051,USD,2021,9,-170.38
38532446-7f94-4b2f-8294-9f7ee4453051,USD,2021,8,-1816.7
38532446-7f94-4b2f-8294-9f7ee4453051,USD,2021,7,1441.99
38532446-7f94-4b2f-8294-9f7ee4453051,USD,2021,6,-152.16999999999985
38532446-7f94-4b2f-8294-9f7ee4453051,USD,2021,5,669.8100000000001
38532446-7f94-4b2f-8294-9f7ee4453051,USD,2021,4,431.09
38532446-7f94-4b2f-8294-9f7ee4453051,USD,2021,3,-260.53000000000003
38532446-7f94-4b2f-8294-9f7ee4453051,USD,2021,2,-685.3300000000002
38532446-7f94-4b2f-8294-9f7ee4453051,USD,2021,1,-2480.17
38532446-7f94-4b2f-8294-9f7ee4453051,USD,2020,12,3561.8900000000003
38532446-7f94-4b2f-8294-9f7ee4453051,USD,2020,11,1720.71
38532446-7f94-4b2f-8294-9f7ee4453051,USD,2020,10,633.0099999999999
38532446-7f94-4b2f-8294-9f7ee4453051,USD,2020,9,-1665.85
38532446-7f94-4b2f-8294-9f7ee4453051,USD,2020,8,-1102.6399999999999
38532446-7f94-4b2f-8294-9f7ee4453051,USD,2020,7,2492.6499999999996
38532446-7f94-4b2f-8294-9f7ee4453051,USD,2020,6,253.78999999999996
38532446-7f94-4b2f-8294-9f7ee4453051,USD,2020,5,109.05999999999983
38532446-7f94-4b2f-8294-9f7ee4453051,USD,2020,4,4372.5
38532446-7f94-4b2f-8294-9f7ee4453051,USD,2020,3,1067.7700000000002
38532446-7f94-4b2f-8294-9f7ee4453051,USD,2020,2,-6018.24
38532446-7f94-4b2f-8294-9f7ee4453051,USD,2020,1,-2357.58
38532446-7f94-4b2f-8294-9f7ee4453051,USD,2019,12,-2363.1400000000003
38532446-7f94-4b2f-8294-9f7ee4453051,USD,2019,11,1901.87
38532446-7f94-4b2f-8294-9f7ee4453051,USD,2019,10,915.1999999999999
38532446-7f94-4b2f-8294-9f7ee4453051,USD,2019,9,1724.72
38532446-7f94-4b2f-8294-9f7ee4453051,USD,2019,8,-1087.9699999999998
38532446-7f94-4b2f-8294-9f7ee4453051,USD,2019,7,25.720000000000027
38532446-7f94-4b2f-8294-9f7ee4453051,USD,2019,6,-18.269999999999982
38532446-7f94-4b2f-8294-9f7ee4453051,USD,2019,5,-3895.67
38532446-7f94-4b2f-8294-9f7ee4453051,USD,2019,4,32.049999999999955
38532446-7f94-4b2f-8294-9f7ee4453051,USD,2019,3,-588.7
38532446-7f94-4b2f-8294-9f7ee4453051,USD,2019,2,406.52
38532446-7f94-4b2f-8294-9f7ee4453051,USD,2019,1,-1241.8600000000001
3be6f678-6e7f-49c0-84ff-7a54c274078d,USD,2023,11,1873.3
3be6f678-6e7f-49c0-84ff-7a54c274078d,USD,2023,10,63.13000000000011
3be6f678-6e7f-49c0-84ff-7a54c274078d,USD,2023,9,2137.36
3be6f678-6e7f-49c0-84ff-7a54c274078d,USD,2023,7,772.43
3be6f678-6e7f-49c0-84ff-7a54c274078d,USD,2023,6,6631.38
3be6f678-6e7f-49c0-84ff-7a54c274078d,USD,2023,5,5755.780000000001
3be6f678-6e7f-49c0-84ff-7a54c274078d,USD,2023,4,-153.51000000000005
3be6f678-6e7f-49c0-84ff-7a54c274078d,USD,2023,3,1028.97
3be6f678-6e7f-49c0-84ff-7a54c274078d,USD,2023,2,5408.92
3be6f678-6e7f-49c0-84ff-7a54c274078d,USD,2023,1,647.3399999999999
3be6f678-6e7f-49c0-84ff-7a54c274078d,USD,2022,12,955.8
3be6f678-6e7f-49c0-84ff-7a54c274078d,USD,2022,11,-821.57
3be6f678-6e7f-49c0-84ff-7a54c274078d,USD,2022,10,495.16999999999996
3be6f678-6e7f-49c0-84ff-7a54c274078d,USD,2022,9,994.7700000000001
3be6f678-6e7f-49c0-84ff-7a54c274078d,USD,2022,8,97.05999999999995
3be6f678-6e7f-49c0-84ff-7a54c274078d,USD,2022,7,3586.5499999999997
3be6f678-6e7f-49c0-84ff-7a54c274078d,USD,2022,4,2049.19
3be6f678-6e7f-49c0-84ff-7a54c274078d,USD,2022,3,1641.69
3be6f678-6e7f-49c0-84ff-7a54c274078d,USD,2022,2,-1242.9
3be6f678-6e7f-49c0-84ff-7a54c274078d,USD,2021,12,-106.70000000000005
3be6f678-6e7f-49c0-84ff-7a54c274078d,USD,2021,11,-353.14
3be6f678-6e7f-49c0-84ff-7a54c274078d,USD,2021,10,1077.65
3be6f678-6e7f-49c0-84ff-7a54c274078d,USD,2021,9,460.4200000000001
3be6f678-6e7f-49c0-84ff-7a54c274078d,USD,2021,8,-2696.7
3be6f678-6e7f-49c0-84ff-7a54c274078d,USD,2021,7,964.1399999999999
3be6f678-6e7f-49c0-84ff-7a54c274078d,USD,2021,6,-2069.71
3be6f678-6e7f-49c0-84ff-7a54c274078d,USD,2021,5,454.4
3be6f678-6e7f-49c0-84ff-7a54c274078d,USD,2021,4,5168.99
3be6f678-6e7f-49c0-84ff-7a54c274078d,USD,2021,3,1017.97
3be6f678-6e7f-49c0-84ff-7a54c274078d,USD,2021,2,-1097.27
3be6f678-6e7f-49c0-84ff-7a54c274078d,USD,2020,12,-595.9100000000001
3be6f678-6e7f-49c0-84ff-7a54c274078d,USD,2020,11,530.59
3be6f678-6e7f-49c0-84ff-7a54c274078d,USD,2020,10,844.18
3be6f678-6e7f-49c0-84ff-7a54c274078d,USD,2020,9,1166.4799999999998
3be6f678-6e7f-49c0-84ff-7a54c274078d,USD,2020,8,-485.98
3be6f678-6e7f-49c0-84ff-7a54c274078d,USD,2020,7,1780.4
3be6f678-6e7f-49c0-84ff-7a54c274078d,USD,2020,6,-559.35
3be6f678-6e7f-49c0-84ff-7a54c274078d,USD,2020,4,1825.68
3be6f678-6e7f-49c0-84ff-7a54c274078d,USD,2020,2,-140.09000000000015
3be6f678-6e7f-49c0-84ff-7a54c274078d,USD,2020,1,2385.31
3be6f678-6e7f-49c0-84ff-7a54c274078d,USD,2019,12,503.53999999999996
3be6f678-6e7f-49c0-84ff-7a54c274078d,USD,2019,11,42.010000000000126
3be6f678-6e7f-49c0-84ff-7a54c274078d,USD,2019,10,-1379.52
3be6f678-6e7f-49c0-84ff-7a54c274078d,USD,2019,9,1696.1599999999999
3be6f678-6e7f-49c0-84ff-7a54c274078d,USD,2019,8,3050.6
3be6f678-6e7f-49c0-84ff-7a54c274078d,USD,2019,7,1015.9000000000001
3be6f678-6e7f-49c0-84ff-7a54c274078d,USD,2019,6,-2995.25
3be6f678-6e7f-49c0-84ff-7a54c274078d,USD,2019,5,-317.13999999999993
3be6f678-6e7f-49c0-84ff-7a54c274078d,USD,2019,4,-1748.5100000000002
3be6f678-6e7f-49c0-84ff-7a54c274078d,USD,2019,2,1892.38
3be6f678-6e7f-49c0-84ff-7a54c274078d,USD,2019,1,2929.8599999999997
3d2ad8ed-460d-42e2-997c-176a42bdac9f,EUR,2023,7,681.93
3d2ad8ed-460d-42e2-997c-176a42bdac9f,EUR,2022,11,-1715.43
3d2ad8ed-460d-42e2-997c-176a42bdac9f,EUR,2022,8,1907.1
3d2ad8ed-460d-42e2-997c-176a42bdac9f,EUR,2021,11,1585.32
3d2ad8ed-460d-42e2-997c-176a42bdac9f,EUR,2021,7,632.61
3d2ad8ed-460d-42e2-997c-176a42bdac9f,EUR,2020,12,963.22
3d2ad8ed-460d-42e2-997c-176a42bdac9f,EUR,2020,9,-484.59
3d2ad8ed-460d-42e2-997c-176a42bdac9f,EUR,2020,7,-241.44
3d2ad8ed-460d-42e2-997c-176a42bdac9f,EUR,2020,4,-807.2
3d2ad8ed-460d-42e2-997c-176a42bdac9f,EUR,2020,3,624.74
3d2ad8ed-460d-42e2-997c-176a42bdac9f,EUR,2020,1,-987.76
3d2ad8ed-460d-42e2-997c-176a42bdac9f,EUR,2019,11,-387.24
3d2ad8ed-460d-42e2-997c-176a42bdac9f,EUR,2019,7,1211.06
3d2ad8ed-460d-42e2-997c-176a42bdac9f,EUR,2019,4,-1287.8
3d2ad8ed-460d-42e2-997c-176a42bdac9f,EUR,2019,3,1007.1
4be3f96a-3ad3-4c63-82c5-35249b52862b,EUR,2023,11,5700.629999999999
4be3f96a-3ad3-4c63-82c5-35249b52862b,EUR,2023,10,-147.33000000000004
4be3f96a-3ad3-4c63-82c5-35249b52862b,EUR,2023,9,699.7
4be3f96a-3ad3-4c63-82c5-35249b52862b,EUR,2023,8,291.31
4be3f96a-3ad3-4c63-82c5-35249b52862b,EUR,2023,7,1992.18
4be3f96a-3ad3-4c63-82c5-35249b52862b,EUR,2023,3,1724.74
4be3f96a-3ad3-4c63-82c5-35249b52862b,EUR,2023,2,1832.9
4be3f96a-3ad3-4c63-82c5-35249b52862b,EUR,2023,1,1531.98
4be3f96a-3ad3-4c63-82c5-35249b52862b,EUR,2022,11,579.47
4be3f96a-3ad3-4c63-82c5-35249b52862b,EUR,2022,10,178.99
4be3f96a-3ad3-4c63-82c5-35249b52862b,EUR,2022,9,32.67999999999995
4be3f96a-3ad3-4c63-82c5-35249b52862b,EUR,2022,8,-7.57
4be3f96a-3ad3-4c63-82c5-35249b52862b,EUR,2022,7,-1370.39
4be3f96a-3ad3-4c63-82c5-35249b52862b,EUR,2022,3,-90.91000000000003
4be3f96a-3ad3-4c63-82c5-35249b52862b,EUR,2022,2,2322.5
4be3f96a-3ad3-4c63-82c5-35249b52862b,EUR,2022,1,-4586.820000000001
4be3f96a-3ad3-4c63-82c5-35249b52862b,EUR,2021,12,212.74000000000007
4be3f96a-3ad3-4c63-82c5-35249b52862b,EUR,2021,11,-277.16
4be3f96a-3ad3-4c63-82c5-35249b52862b,EUR,2021,10,2921.49
4be3f96a-3ad3-4c63-82c5-35249b52862b,EUR,2021,8,-912.44
4be3f96a-3ad3-4c63-82c5-35249b52862b,EUR,2021,5,586.94
4be3f96a-3ad3-4c63-82c5-35249b52862b,EUR,2021,4,287.34
4be3f96a-3ad3-4c63-82c5-35249b52862b,EUR,2021,2,1340.38
4be3f96a-3ad3-4c63-82c5-35249b52862b,EUR,2021,1,336.98
4be3f96a-3ad3-4c63-82c5-35249b52862b,EUR,2020,10,-1198.93
4be3f96a-3ad3-4c63-82c5-35249b52862b,EUR,2020,8,-1789.09
4be3f96a-3ad3-4c63-82c5-35249b52862b,EUR,2020,7,1440.4
4be3f96a-3ad3-4c63-82c5-35249b52862b,EUR,2020,6,-1268.31
4be3f96a-3ad3-4c63-82c5-35249b52862b,EUR,2020,5,-1163.97
4be3f96a-3ad3-4c63-82c5-35249b52862b,EUR,2020,3,-256.71000000000004
4be3f96a-3ad3-4c63-82c5-35249b52862b,EUR,2020,1,628.1500000000001
4be3f96a-3ad3-4c63-82c5-35249b52862b,EUR,2019,12,-1239.66
4be3f96a-3ad3-4c63-82c5-35249b52862b,EUR,2019,10,913.5
4be3f96a-3ad3-4c63-82c5-35249b52862b,EUR,2019,9,-2821.31
4be3f96a-3ad3-4c63-82c5-35249b52862b,EUR,2019,7,-410.67
4be3f96a-3ad3-4c63-82c5-35249b52862b,EUR,2019,6,-549.51
4be3f96a-3ad3-4c63-82c5-35249b52862b,EUR,2019,5,1405.75
4be3f96a-3ad3-4c63-82c5-35249b52862b,EUR,2019,4,-727.63
4be3f96a-3ad3-4c63-82c5-35249b52862b,EUR,2019,3,-2046.76
4be3f96a-3ad3-4c63-82c5-35249b52862b,EUR,2019,2,-98.04999999999995
4be3f96a-3ad3-4c63-82c5-35249b52862b,EUR,2019,1,175.52
4f53db95-a8aa-47c1-9ee3-0197a2ca5791,USD,2023,11,2113.16
4f53db95-a8aa-47c1-9ee3-0197a2ca5791,USD,2023,10,1446.0
4f53db95-a8aa-47c1-9ee3-0197a2ca5791,USD,2023,9,1529.1399999999999
4f53db95-a8aa-47c1-9ee3-0197a2ca5791,USD,2023,8,-2398.79
4f53db95-a8aa-47c1-9ee3-0197a2ca5791,USD,2023,7,-1165.09
4f53db95-a8aa-47c1-9ee3-0197a2ca5791,USD,2023,6,-995.1899999999998
4f53db95-a8aa-47c1-9ee3-0197a2ca5791,USD,2023,5,-1281.25
4f53db95-a8aa-47c1-9ee3-0197a2ca5791,USD,2023,4,1690.1299999999999
4f53db95-a8aa-47c1-9ee3-0197a2ca5791,USD,2023,3,512.4300000000001
4f53db95-a8aa-47c1-9ee3-0197a2ca5791,USD,2023,2,-30.930000000000007
4f53db95-a8aa-47c1-9ee3-0197a2ca5791,USD,2023,1,-1133.79
4f53db95-a8aa-47c1-9ee3-0197a2ca5791,USD,2022,12,-371.6199999999999
4f53db95-a8aa-47c1-9ee3-0197a2ca5791,USD,2022,11,-1019.3699999999999
4f53db95-a8aa-47c1-9ee3-0197a2ca5791,USD,2022,10,-430.8
4f53db95-a8aa-47c1-9ee3-0197a2ca5791,USD,2022,9,704.1700000000001
4f53db95-a8aa-47c1-9ee3-0197a2ca5791,USD,2022,8,191.51
4f53db95-a8aa-47c1-9ee3-0197a2ca5791,USD,2022,7,-278.93999999999994
4f53db95-a8aa-47c1-9ee3-0197a2ca5791,USD,2022,6,326.2099999999998
4f53db95-a8aa-47c1-9ee3-0197a2ca5791,USD,2022,5,1226.81
4f53db95-a8aa-47c1-9ee3-0197a2ca5791,USD,2022,4,-527.5799999999999
4f53db95-a8aa-47c1-9ee3-0197a2ca5791,USD,2022,3,-1255.69
4f53db95-a8aa-47c1-9ee3-0197a2ca5791,USD,2022,2,-39.709999999999994
4f53db95-a8aa-47c1-9ee3-0197a2ca5791,USD,2022,1,-3447.3
4f53db95-a8aa-47c1-9ee3-0197a2ca5791,USD,2021,12,20.28
4f53db95-a8aa-47c1-9ee3-0197a2ca5791,USD,2021,11,13.800000000000637
4f53db95-a8aa-47c1-9ee3-0197a2ca5791,USD,2021,10,-1159.4399999999998
4f53db95-a8aa-47c1-9ee3-0197a2ca5791,USD,2021,9,-3618.16
4f53db95-a8aa-47c1-9ee3-0197a2ca5791,USD,2021,8,5246.04
4f53db95-a8aa-47c1-9ee3-0197a2ca5791,USD,2021,7,-415.4199999999999
4f53db95-a8aa-47c1-9ee3-0197a2ca5791,USD,2021,6,-2693.9300000000003
4f53db95-a8aa-47c1-9ee3-0197a2ca5791,USD,2021,5,-1289.64
4f53db95-a8aa-47c1-9ee3-0197a2ca5791,USD,2021,4,-564.6999999999999
4f53db95-a8aa-47c1-9ee3-0197a2ca5791,USD,2021,3,122.80999999999995
4f53db95-a8aa-47c1-9ee3-0197a2ca5791,USD,2021,2,-1017.8900000000001
4f53db95-a8aa-47c1-9ee3-0197a2ca5791,USD,2021,1,-514.4599999999998
4f53db95-a8aa-47c1-9ee3-0197a2ca5791,USD,2020,12,3398.5899999999997
4f53db95-a8aa-47c1-9ee3-0197a2ca5791,USD,2020,11,10.610000000000184
4f53db95-a8aa-47c1-9ee3-0197a2ca5791,USD,2020,10,472.0500000000002
4f53db95-a8aa-47c1-9ee3-0197a2ca5791,USD,2020,9,-282.4100000000003
4f53db95-a8aa-47c1-9ee3-0197a2ca5791,USD,2020,8,303.60000000000014
4f53db95-a8aa-47c1-9ee3-0197a2ca5791,USD,2020,7,-3684.92
4f53db95-a8aa-47c1-9ee3-0197a2ca5791,USD,2020,6,-3016.5699999999997
4f53db95-a8aa-47c1-9ee3-0197a2ca5791,USD,2020,5,2516.22
4f53db95-a8aa-47c1-9ee3-0197a2ca5791,USD,2020,4,-1164.9699999999998
4f53db95-a8aa-47c1-9ee3-0197a2ca5791,USD,2020,3,3174.88
4f53db95-a8aa-47c1-9ee3-0197a2ca5791,USD,2020,2,-1539.4499999999998
4f53db95-a8aa-47c1-9ee3-0197a2ca5791,USD,2020,1,1952.3099999999997
4f53db95-a8aa-47c1-9ee3-0197a2ca5791,USD,2019,12,-3433.2200000000003
4f53db95-a8aa-47c1-9ee3-0197a2ca5791,USD,2019,11,-435.91
4f53db95-a8aa-47c1-9ee3-0197a2ca5791,USD,2019,10,-190.02999999999963
4f53db95-a8aa-47c1-9ee3-0197a2ca5791,USD,2019,9,311.5300000000001
4f53db95-a8aa-47c1-9ee3-0197a2ca5791,USD,2019,8,1134.7800000000002
4f53db95-a8aa-47c1-9ee3-0197a2ca5791,USD,2019,7,840.73
4f53db95-a8aa-47c1-9ee3-0197a2ca5791,USD,2019,6,2636.3199999999997
4f53db95-a8aa-47c1-9ee3-0197a2ca5791,USD,2019,5,-2566.33
4f53db95-a8aa-47c1-9ee3-0197a2ca5791,USD,2019,4,-1011.47
4f53db95-a8aa-47c1-9ee3-0197a2ca5791,USD,2019,3,-3145.92
4f53db95-a8aa-47c1-9ee3-0197a2ca5791,USD,2019,2,-5463.830000000001
4f53db95-a8aa-47c1-9ee3-0197a2ca5791,USD,2019,1,-2019.32
51a19d13-a5f2-4705-87d3-e9a71f62b445,GBP,2023,11,-971.68
51a19d13-a5f2-4705-87d3-e9a71f62b445,GBP,2023,10,3238.17
51a19d13-a5f2-4705-87d3-e9a71f62b445,GBP,2023,9,974.09
51a19d13-a5f2-4705-87d3-e9a71f62b445,GBP,2023,8,979.4
51a19d13-a5f2-4705-87d3-e9a71f62b445,GBP,2023,7,3029.16
51a19d13-a5f2-4705-87d3-e9a71f62b445,GBP,2023,6,2208.71
51a19d13-a5f2-4705-87d3-e9a71f62b445,GBP,2023,5,2251.63
51a19d13-a5f2-4705-87d3-e9a71f62b445,GBP,2023,4,1319.62
51a19d13-a5f2-4705-87d3-e9a71f62b445,GBP,2023,3,-1418.4099999999999
51a19d13-a5f2-4705-87d3-e9a71f62b445,GBP,2023,2,-1296.3399999999997
51a19d13-a5f2-4705-87d3-e9a71f62b445,GBP,2023,1,-3843.9500000000003
51a19d13-a5f2-4705-87d3-e9a71f62b445,GBP,2022,12,-3400.9799999999996
51a19d13-a5f2-4705-87d3-e9a71f62b445,GBP,2022,11,-2654.3
51a19d13-a5f2-4705-87d3-e9a71f62b445,GBP,2022,10,-1127.57
51a19d13-a5f2-4705-87d3-e9a71f62b445,GBP,2022,9,-981.17
51a19d13-a5f2-4705-87d3-e9a71f62b445,GBP,2022,8,719.3900000000001
51a19d13-a5f2-4705-87d3-e9a71f62b445,GBP,2022,7,-667.24
51a19d13-a5f2-4705-87d3-e9a71f62b445,GBP,2022,5,-17.13000000000003
51a19d13-a5f2-4705-87d3-e9a71f62b445,GBP,2022,4,-1148.29
51a19d13-a5f2-4705-87d3-e9a71f62b445,GBP,2022,3,-1501.2399999999998
51a19d13-a5f2-4705-87d3-e9a71f62b445,GBP,2022,2,166.30999999999995
51a19d13-a5f2-4705-87d3-e9a71f62b445,GBP,2022,1,1182.3
51a19d13-a5f2-4705-87d3-e9a71f62b445,GBP,2021,12,1206.97
51a19d13-a5f2-4705-87d3-e9a71f62b445,GBP,2021,11,1076.15
51a19d13-a5f2-4705-87d3-e9a71f62b445,GBP,2021,10,-1129.59
51a19d13-a5f2-4705-87d3-e9a71f62b445,GBP,2021,9,-927.0699999999999
51a19d13-a5f2-4705-87d3-e9a71f62b445,GBP,2021,8,21.38999999999993
51a19d13-a5f2-4705-87d3-e9a71f62b445,GBP,2021,7,432.11
51a19d13-a5f2-4705-87d3-e9a71f62b445,GBP,2021,6,-709.41
51a19d13-a5f2-4705-87d3-e9a71f62b445,GBP,2021,5,-3800.52
51a19d13-a5f2-4705-87d3-e9a71f62b445,GBP,2021,3,1611.11
51a19d13-a5f2-4705-87d3-e9a71f62b445,GBP,2021,2,429.80000000000007
51a19d13-a5f2-4705-87d3-e9a71f62b445,GBP,2021,1,-1127.94
51a19d13-a5f2-4705-87d3-e9a71f62b445,GBP,2020,12,-385.68000000000006
51a19d13-a5f2-4705-87d3-e9a71f62b445,GBP,2020,11,-1362.27
51a19d13-a5f2-4705-87d3-e9a71f62b445,GBP,2020,10,688.47
51a19d13-a5f2-4705-87d3-e9a71f62b445,GBP,2020,9,2212.51
51a19d13-a5f2-4705-87d3-e9a71f62b445,GBP,2020,8,1596.7099999999998
51a19d13-a5f2-4705-87d3-e9a71f62b445,GBP,2020,7,-1127.81
51a19d13-a5f2-4705-87d3-e9a71f62b445,GBP,2020,6,-2604.41
51a19d13-a5f2-4705-87d3-e9a71f62b445,GBP,2020,5,-869.02
51a19d13-a5f2-4705-87d3-e9a71f62b445,GBP,2020,4,-969.32
51a19d13-a5f2-4705-87d3-e9a71f62b445,GBP,2020,3,-195.3
51a19d13-a5f2-4705-87d3-e9a71f62b445,GBP,2020,2,-1783.48
51a19d13-a5f2-4705-87d3-e9a71f62b445,GBP,2020,1,746.4599999999999
51a19d13-a5f2-4705-87d3-e9a71f62b445,GBP,2019,12,-540.25
51a19d13-a5f2-4705-87d3-e9a71f62b445,GBP,2019,11,-1148.42
51a19d13-a5f2-4705-87d3-e9a71f62b445,GBP,2019,10,-373.86
51a19d13-a5f2-4705-87d3-e9a71f62b445,GBP,2019,9,574.05
51a19d13-a5f2-4705-87d3-e9a71f62b445,GBP,2019,8,-557.6800000000001
51a19d13-a5f2-4705-87d3-e9a71f62b445,GBP,2019,7,2021.48
51a19d13-a5f2-4705-87d3-e9a71f62b445,GBP,2019,6,3484.35
51a19d13-a5f2-4705-87d3-e9a71f62b445,GBP,2019,5,-1197.8799999999999
51a19d13-a5f2-4705-87d3-e9a71f62b445,GBP,2019,4,1479.6599999999999
51a19d13-a5f2-4705-87d3-e9a71f62b445,GBP,2019,3,1942.95
51a19d13-a5f2-4705-87d3-e9a71f62b445,GBP,2019,2,-236.01999999999998
51a19d13-a5f2-4705-87d3-e9a71f62b445,GBP,2019,1,-96.90000000000003
5adada47-ba86-42c7-a3d0-6c623ccf9df9,USD,2023,11,274.2299999999999
5adada47-ba86-42c7-a3d0-6c623ccf9df9,USD,2023,10,2553.25
5adada47-ba86-42c7-a3d0-6c623ccf9df9,USD,2023,9,-4657.03
5adada47-ba86-42c7-a3d0-6c623ccf9df9,USD,2023,8,5457.5
5adada47-ba86-42c7-a3d0-6c623ccf9df9,USD,2023,7,1416.2600000000002
5adada47-ba86-42c7-a3d0-6c623ccf9df9,USD,2023,6,-1344.1600000000003
5adada47-ba86-42c7-a3d0-6c623ccf9df9,USD,2023,5,550.3499999999999
5adada47-ba86-42c7-a3d0-6c623ccf9df9,USD,2023,4,-3822.4800000000005
5adada47-ba86-42c7-a3d0-6c623ccf9df9,USD,2023,3,-2080.13
5adada47-ba86-42c7-a3d0-6c623ccf9df9,USD,2023,2,1935.92
5adada47-ba86-42c7-a3d0-6c623ccf9df9,USD,2023,1,-53.69999999999993
5adada47-ba86-42c7-a3d0-6c623ccf9df9,USD,2022,12,1703.1799999999998
5adada47-ba86-42c7-a3d0-6c623ccf9df9,USD,2022,11,-559.56
5adada47-ba86-42c7-a3d0-6c623ccf9df9,USD,2022,10,445.92999999999995
5adada47-ba86-42c7-a3d0-6c623ccf9df9,USD,2022,9,-32.619999999999976
5adada47-ba86-42c7-a3d0-6c623ccf9df9,USD,2022,8,4456.22
5adada47-ba86-42c7-a3d0-6c623ccf9df9,USD,2022,7,-266.2999999999997
5adada47-ba86-42c7-a3d0-6c623ccf9df9,USD,2022,6,2872.0
5adada47-ba86-42c7-a3d0-6c623ccf9df9,USD,2022,5,-583.5400000000004
5adada47-ba86-42c7-a3d0-6c623ccf9df9,USD,2022,4,-2138.710000000001
5adada47-ba86-42c7-a3d0-6c623ccf9df9,USD,2022,3,-910.6800000000002
5adada47-ba86-42c7-a3d0-6c623ccf9df9,USD,2022,2,-1526.8600000000004
5adada47-ba86-42c7-a3d0-6c623ccf9df9,USD,2022,1,2139.2200000000003
5adada47-ba86-42c7-a3d0-6c623ccf9df9,USD,2021,12,311.0600000000002
5adada47-ba86-42c7-a3d0-6c623ccf9df9,USD,2021,11,2625.25
5adada47-ba86-42c7-a3d0-6c623ccf9df9,USD,2021,10,-3141.35
5adada47-ba86-42c7-a3d0-6c623ccf9df9,USD,2021,9,-1629.6000000000004
5adada47-ba86-42c7-a3d0-6c623ccf9df9,USD,2021,8,-5434.670000000001
5adada47-ba86-42c7-a3d0-6c623ccf9df9,USD,2021,7,639.0000000000001
5adada47-ba86-42c7-a3d0-6c623ccf9df9,USD,2021,6,1255.2200000000003
5adada47-ba86-42c7-a3d0-6c623ccf9df9,USD,2021,5,393.0800000000004
5adada47-ba86-42c7-a3d0-6c623ccf9df9,USD,2021,4,-2559.62
5adada47-ba86-42c7-a3d0-6c623ccf9df9,USD,2021,3,1879.78
5adada47-ba86-42c7-a3d0-6c623ccf9df9,USD,2021,2,215.83
5adada47-ba86-42c7-a3d0-6c623ccf9df9,USD,2021,1,-4132.05
5adada47-ba86-42c7-a3d0-6c623ccf9df9,USD,2020,12,-1456.6
5adada47-ba86-42c7-a3d0-6c623ccf9df9,USD,2020,11,3734.7200000000003
5adada47-ba86-42c7-a3d0-6c623ccf9df9,USD,2020,10,1332.1700000000003
5adada47-ba86-42c7-a3d0-6c623ccf9df9,USD,2020,9,1636.4300000000003
5adada47-ba86-42c7-a3d0-6c623ccf9df9,USD,2020,8,-800.8400000000001
5adada47-ba86-42c7-a3d0-6c623ccf9df9,USD,2020,7,526.1500000000001
5adada47-ba86-42c7-a3d0-6c623ccf9df9,USD,2020,6,-1195.4500000000003
5adada47-ba86-42c7-a3d0-6c623ccf9df9,USD,2020,5,-2873.72
5adada47-ba86-42c7-a3d0-6c623ccf9df9,USD,2020,4,-2878.39
5adada47-ba86-42c7-a3d0-6c623ccf9df9,USD,2020,3,1228.2700000000002
5adada47-ba86-42c7-a3d0-6c623ccf9df9,USD,2020,2,587.8600000000001
5adada47-ba86-42c7-a3d0-6c623ccf9df9,USD,2020,1,3279.0299999999997
5adada47-ba86-42c7-a3d0-6c623ccf9df9,USD,2019,12,-2927.18
5adada47-ba86-42c7-a3d0-6c623ccf9df9,USD,2019,11,1871.17
5adada47-ba86-42c7-a3d0-6c623ccf9df9,USD,2019,10,-2109.58
5adada47-ba86-42c7-a3d0-6c623ccf9df9,USD,2019,9,120.59000000000009
5adada47-ba86-42c7-a3d0-6c623ccf9df9,USD,2019,8,-2635.6200000000003
5adada47-ba86-42c7-a3d0-6c623ccf9df9,USD,2019,7,3815.63
5adada47-ba86-42c7-a3d0-6c623ccf9df9,USD,2019,6,1906.34
5adada47-ba86-42c7-a3d0-6c623ccf9df9,USD,2019,5,-1501.5199999999995
5adada47-ba86-42c7-a3d0-6c623ccf9df9,USD,2019,4,-2159.6899999999996
5adada47-ba86-42c7-a3d0-6c623ccf9df9,USD,2019,3,-2094.2200000000003
5adada47-ba86-42c7-a3d0-6c623ccf9df9,USD,2019,2,-254.92000000000004
5adada47-ba86-42c7-a3d0-6c623ccf9df9,USD,2019,1,-341.7500000000002
7cf08f69-a6dc-4d36-860b-1a35828f8366,GBP,2023,11,-548.0300000000003
7cf08f69-a6dc-4d36-860b-1a35828f8366,GBP,2023,10,-1159.5500000000004
7cf08f69-a6dc-4d36-860b-1a35828f8366,GBP,2023,9,-952.7400000000001
7cf08f69-a6dc-4d36-860b-1a35828f8366,GBP,2023,8,-1041.7
7cf08f69-a6dc-4d36-860b-1a35828f8366,GBP,2023,7,1743.68
7cf08f69-a6dc-4d36-860b-1a35828f8366,GBP,2023,6,1160.76
7cf08f69-a6dc-4d36-860b-1a35828f8366,GBP,2023,5,-407.2899999999996
7cf08f69-a6dc-4d36-860b-1a35828f8366,GBP,2023,4,426.1099999999999
7cf08f69-a6dc-4d36-860b-1a35828f8366,GBP,2023,3,-881.5400000000003
7cf08f69-a6dc-4d36-860b-1a35828f8366,GBP,2023,2,5489.540000000001
7cf08f69-a6dc-4d36-860b-1a35828f8366,GBP,2023,1,122.9500000000001
7cf08f69-a6dc-4d36-860b-1a35828f8366,GBP,2022,12,-6039.589999999999
7cf08f69-a6dc-4d36-860b-1a35828f8366,GBP,2022,11,-2554.12
7cf08f69-a6dc-4d36-860b-1a35828f8366,GBP,2022,10,2112.8299999999995
7cf08f69-a6dc-4d36-860b-1a35828f8366,GBP,2022,9,-4.619999999999948
7cf08f69-a6dc-4d36-860b-1a35828f8366,GBP,2022,8,-1743.6799999999998
7cf08f69-a6dc-4d36-860b-1a35828f8366,GBP,2022,7,-512.15
7cf08f69-a6dc-4d36-860b-1a35828f8366,GBP,2022,6,-367.07000000000016
7cf08f69-a6dc-4d36-860b-1a35828f8366,GBP,2022,5,799.45
7cf08f69-a6dc-4d36-860b-1a35828f8366,GBP,2022,4,-569.9300000000002
7cf08f69-a6dc-4d36-860b-1a35828f8366,GBP,2022,3,-2943.25
7cf08f69-a6dc-4d36-860b-1a35828f8366,GBP,2022,2,1265.9
7cf08f69-a6dc-4d36-860b-1a35828f8366,GBP,2022,1,879.2999999999997
7cf08f69-a6dc-4d36-860b-1a35828f8366,GBP,2021,12,-2958.81
7cf08f69-a6dc-4d36-860b-1a35828f8366,GBP,2021,11,-3923.66
7cf08f69-a6dc-4d36-860b-1a35828f8366,GBP,2021,10,-1383.4599999999998
7cf08f69-a6dc-4d36-860b-1a35828f8366,GBP,2021,9,-3463.89
7cf08f69-a6dc-4d36-860b-1a35828f8366,GBP,2021,8,1419.3400000000006
7cf08f69-a6dc-4d36-860b-1a35828f8366,GBP,2021,7,4354.01
7cf08f69-a6dc-4d36-860b-1a35828f8366,GBP,2021,6,-2925.34
7cf08f69-a6dc-4d36-860b-1a35828f8366,GBP,2021,5,-2821.18
7cf08f69-a6dc-4d36-860b-1a35828f8366,GBP,2021,4,-1354.8899999999999
7cf08f69-a6dc-4d36-860b-1a35828f8366,GBP,2021,3,-2332.95
7cf08f69-a6dc-4d36-860b-1a35828f8366,GBP,2021,2,769.24
7cf08f69-a6dc-4d36-860b-1a35828f8366,GBP,2021,1,2214.14
7cf08f69-a6dc-4d36-860b-1a35828f8366,GBP,2020,12,-1637.6000000000001
7cf08f69-a6dc-4d36-860b-1a35828f8366,GBP,2020,11,-795.65
7cf08f69-a6dc-4d36-860b-1a35828f8366,GBP,2020,10,4431.629999999999
7cf08f69-a6dc-4d36-860b-1a35828f8366,GBP,2020,9,3690.2199999999993
7cf08f69-a6dc-4d36-860b-1a35828f8366,GBP,2020,8,-481.93000000000006
7cf08f69-a6dc-4d36-860b-1a35828f8366,GBP,2020,7,4711.37
7cf08f69-a6dc-4d36-860b-1a35828f8366,GBP,2020,6,4851.08
7cf08f69-a6dc-4d36-860b-1a35828f8366,GBP,2020,5,818.5000000000001
7cf08f69-a6dc-4d36-860b-1a35828f8366,GBP,2020,4,-697.2900000000002
7cf08f69-a6dc-4d36-860b-1a35828f8366,GBP,2020,3,384.18
7cf08f69-a6dc-4d36-860b-1a35828f8366,GBP,2020,2,-2155.79
7cf08f69-a6dc-4d36-860b-1a35828f8366,GBP,2020,1,982.03
7cf08f69-a6dc-4d36-860b-1a35828f8366,GBP,2019,12,-2932.9800000000005
7cf08f69-a6dc-4d36-860b-1a35828f8366,GBP,2019,11,-1986.2999999999997
7cf08f69-a6dc-4d36-860b-1a35828f8366,GBP,2019,10,892.5300000000004
7cf08f69-a6dc-4d36-860b-1a35828f8366,GBP,2019,9,-23.019999999999698
7cf08f69-a6dc-4d36-860b-1a35828f8366,GBP,2019,8,3097.95
7cf08f69-a6dc-4d36-860b-1a35828f8366,GBP,2019,7,3227.7200000000003
7cf08f69-a6dc-4d36-860b-1a35828f8366,GBP,2019,6,-1022.79
7cf08f69-a6dc-4d36-860b-1a35828f8366,GBP,2019,5,746.4300000000001
7cf08f69-a6dc-4d36-860b-1a35828f8366,GBP,2019,4,-391.4000000000001
7cf08f69-a6dc-4d36-860b-1a35828f8366,GBP,2019,3,386.7800000000002
7cf08f69-a6dc-4d36-860b-1a35828f8366,GBP,2019,2,-3205.6200000000003
7cf08f69-a6dc-4d36-860b-1a35828f8366,GBP,2019,1,739.4699999999996
86d5c245-3d2b-4f68-811b-0b669c85ce72,EUR,2023,11,-7297.89
86d5c245-3d2b-4f68-811b-0b669c85ce72,EUR,2023,10,2739.4
86d5c245-3d2b-4f68-811b-0b669c85ce72,EUR,2023,9,-1648.8500000000004
86d5c245-3d2b-4f68-811b-0b669c85ce72,EUR,2023,8,-374.06999999999994
86d5c245-3d2b-4f68-811b-0b669c85ce72,EUR,2023,7,813.4499999999999
86d5c245-3d2b-4f68-811b-0b669c85ce72,EUR,2023,6,4690.11
86d5c245-3d2b-4f68-811b-0b669c85ce72,EUR,2023,5,3658.9500000000003
86d5c245-3d2b-4f68-811b-0b669c85ce72,EUR,2023,4,55.599999999999966
86d5c245-3d2b-4f68-811b-0b669c85ce72,EUR,2023,3,2889.99
86d5c245-3d2b-4f68-811b-0b669c85ce72,EUR,2023,2,2225.4000000000005
86d5c245-3d2b-4f68-811b-0b669c85ce72,EUR,2023,1,-1723.62
86d5c245-3d2b-4f68-811b-0b669c85ce72,EUR,2022,12,-1595.81
86d5c245-3d2b-4f68-811b-0b669c85ce72,EUR,2022,11,3433.0599999999995
86d5c245-3d2b-4f68-811b-0b669c85ce72,EUR,2022,10,-4372.4800000000005
86d5c245-3d2b-4f68-811b-0b669c85ce72,EUR,2022,9,-3012.69
86d5c245-3d2b-4f68-811b-0b669c85ce72,EUR,2022,8,1369.56
86d5c245-3d2b-4f68-811b-0b669c85ce72,EUR,2022,7,4050.84
86d5c245-3d2b-4f68-811b-0b669c85ce72,EUR,2022,6,-2112.7299999999996
86d5c245-3d2b-4f68-811b-0b669c85ce72,EUR,2022,5,2750.34
86d5c245-3d2b-4f68-811b-0b669c85ce72,EUR,2022,4,-1866.2399999999998
86d5c245-3d2b-4f68-811b-0b669c85ce72,EUR,2022,3,337.8599999999998
86d5c245-3d2b-4f68-811b-0b669c85ce72,EUR,2022,2,-4473.259999999999
86d5c245-3d2b-4f68-811b-0b669c85ce72,EUR,2022,1,-691.5199999999999
86d5c245-3d2b-4f68-811b-0b669c85ce72,EUR,2021,12,-380.2499999999998
86d5c245-3d2b-4f68-811b-0b669c85ce72,EUR,2021,11,3266.0800000000004
86d5c245-3d2b-4f68-811b-0b669c85ce72,EUR,2021,10,-5718.89
86d5c245-3d2b-4f68-811b-0b669c85ce72,EUR,2021,9,-2568.0
86d5c245-3d2b-4f68-811b-0b669c85ce72,EUR,2021,8,-2060.45
86d5c245-3d2b-4f68-811b-0b669c85ce72,EUR,2021,7,2440.3799999999997
86d5c245-3d2b-4f68-811b-0b669c85ce72,EUR,2021,6,221.42000000000039
86d5c245-3d2b-4f68-811b-0b669c85ce72,EUR,2021,5,-3148.03
86d5c245-3d2b-4f68-811b-0b669c85ce72,EUR,2021,4,1674.25
86d5c245-3d2b-4f68-811b-0b669c85ce72,EUR,2021,3,-952.8
86d5c245-3d2b-4f68-811b-0b669c85ce72,EUR,2021,2,186.26999999999998
86d5c245-3d2b-4f68-811b-0b669c85ce72,EUR,2021,1,-3788.45
86d5c245-3d2b-4f68-811b-0b669c85ce72,EUR,2020,12,-160.5599999999999
86d5c245-3d2b-4f68-811b-0b669c85ce72,EUR,2020,11,2842.8599999999997
86d5c245-3d2b-4f68-811b-0b669c85ce72,EUR,2020,10,63.56999999999999
86d5c245-3d2b-4f68-811b-0b669c85ce72,EUR,2020,9,-577.4899999999991
86d5c245-3d2b-4f68-811b-0b669c85ce72,EUR,2020,8,-1307.9500000000003
86d5c245-3d2b-4f68-811b-0b669c85ce72,EUR,2020,7,-855.6600000000001
86d5c245-3d2b-4f68-811b-0b669c85ce72,EUR,2020,6,-3863.3399999999997
86d5c245-3d2b-4f68-811b-0b669c85ce72,EUR,2020,5,-1786.5399999999995
86d5c245-3d2b-4f68-811b-0b669c85ce72,EUR,2020,4,-3704.0199999999995
86d5c245-3d2b-4f68-811b-0b669c85ce72,EUR,2020,3,1743.7599999999998
86d5c245-3d2b-4f68-811b-0b669c85ce72,EUR,2020,2,2144.96
86d5c245-3d2b-4f68-811b-0b669c85ce72,EUR,2020,1,-4710.45
86d5c245-3d2b-4f68-811b-0b669c85ce72,EUR,2019,12,729.5299999999999
86d5c245-3d2b-4f68-811b-0b669c85ce72,EUR,2019,11,1037.15
86d5c245-3d2b-4f68-811b-0b669c85ce72,EUR,2019,10,3404.57
86d5c245-3d2b-4f68-811b-0b669c85ce72,EUR,2019,9,4971.92
86d5c245-3d2b-4f68-811b-0b669c85ce72,EUR,2019,8,3595.9
86d5c245-3d2b-4f68-811b-0b669c85ce72,EUR,2019,7,731.9499999999999
86d5c245-3d2b-4f68-811b-0b669c85ce72,EUR,2019,6,-2108.7000000000003
86d5c245-3d2b-4f68-811b-0b669c85ce72,EUR,2019,5,-1811.1099999999997
86d5c245-3d2b-4f68-811b-0b669c85ce72,EUR,2019,4,-931.9000000000002
86d5c245-3d2b-4f68-811b-0b669c85ce72,EUR,2019,3,-592.7
86d5c245-3d2b-4f68-811b-0b669c85ce72,EUR,2019,2,713.2099999999998
86d5c245-3d2b-4f68-811b-0b669c85ce72,EUR,2019,1,827.9000000000003
8d6ce07e-4252-470c-a5c8-3709bb342512,EUR,2023,11,31.75999999999999
8d6ce07e-4252-470c-a5c8-3709bb342512,EUR,2023,10,-884.98
8d6ce07e-4252-470c-a5c8-3709bb342512,EUR,2023,9,-1108.6200000000001
8d6ce07e-4252-470c-a5c8-3709bb342512,EUR,2023,8,-344.92
8d6ce07e-4252-470c-a5c8-3709bb342512,EUR,2023,7,-2182.3999999999996
8d6ce07e-4252-470c-a5c8-3709bb342512,EUR,2023,6,-517.88
8d6ce07e-4252-470c-a5c8-3709bb342512,EUR,2023,5,-1946.8899999999999
8d6ce07e-4252-470c-a5c8-3709bb342512,EUR,2023,4,1017.0400000000001
8d6ce07e-4252-470c-a5c8-3709bb342512,EUR,2023,3,1117.87
8d6ce07e-4252-470c-a5c8-3709bb342512,EUR,2023,2,-1661.64
8d6ce07e-4252-470c-a5c8-3709bb342512,EUR,2022,12,-1615.85
8d6ce07e-4252-470c-a5c8-3709bb342512,EUR,2022,11,-2384.82
8d6ce07e-4252-470c-a5c8-3709bb342512,EUR,2022,10,-1291.3200000000004
8d6ce07e-4252-470c-a5c8-3709bb342512,EUR,2022,9,-2327.0299999999997
8d6ce07e-4252-470c-a5c8-3709bb342512,EUR,2022,8,-730.5500000000002
8d6ce07e-4252-470c-a5c8-3709bb342512,EUR,2022,7,-2009.04
8d6ce07e-4252-470c-a5c8-3709bb342512,EUR,2022,6,-2127.06
8d6ce07e-4252-470c-a5c8-3709bb342512,EUR,2022,5,-14.210000000000036
8d6ce07e-4252-470c-a5c8-3709bb342512,EUR,2022,4,-2429.9700000000003
8d6ce07e-4252-470c-a5c8-3709bb342512,EUR,2022,3,53.120000000000005
8d6ce07e-4252-470c-a5c8-3709bb342512,EUR,2022,2,-273.90999999999997
8d6ce07e-4252-470c-a5c8-3709bb342512,EUR,2022,1,-260.3
8d6ce07e-4252-470c-a5c8-3709bb342512,EUR,2021,11,507.5
8d6ce07e-4252-470c-a5c8-3709bb342512,EUR,2021,10,-1048.19
8d6ce07e-4252-470c-a5c8-3709bb342512,EUR,2021,9,-502.63
8d6ce07e-4252-470c-a5c8-3709bb342512,EUR,2021,8,303.32
8d6ce07e-4252-470c-a5c8-3709bb342512,EUR,2021,7,-234.13
8d6ce07e-4252-470c-a5c8-3709bb342512,EUR,2021,6,-1165.1700000000003
8d6ce07e-4252-470c-a5c8-3709bb342512,EUR,2021,5,43.500000000000114
8d6ce07e-4252-470c-a5c8-3709bb342512,EUR,2021,4,1171.24
8d6ce07e-4252-470c-a5c8-3709bb342512,EUR,2021,3,-1052.01
8d6ce07e-4252-470c-a5c8-3709bb342512,EUR,2021,2,847.44
8d6ce07e-4252-470c-a5c8-3709bb342512,EUR,2021,1,1754.7199999999998
8d6ce07e-4252-470c-a5c8-3709bb342512,EUR,2020,11,-1552.85
8d6ce07e-4252-470c-a5c8-3709bb342512,EUR,2020,10,-792.5300000000007
8d6ce07e-4252-470c-a5c8-3709bb342512,EUR,2020,9,3712.1699999999996
8d6ce07e-4252-470c-a5c8-3709bb342512,EUR,2020,8,-1023.9899999999998
8d6ce07e-4252-470c-a5c8-3709bb342512,EUR,2020,7,-101.93
8d6ce07e-4252-470c-a5c8-3709bb342512,EUR,2020,6,267.0999999999999
8d6ce07e-4252-470c-a5c8-3709bb342512,EUR,2020,5,3170.5099999999998
8d6ce07e-4252-470c-a5c8-3709bb342512,EUR,2020,4,2293.03
8d6ce07e-4252-470c-a5c8-3709bb342512,EUR,2020,3,-560.5600000000001
8d6ce07e-4252-470c-a5c8-3709bb342512,EUR,2020,2,-2335.41
8d6ce07e-4252-470c-a5c8-3709bb342512,EUR,2020,1,1146.1399999999999
8d6ce07e-4252-470c-a5c8-3709bb342512,EUR,2019,12,355.3
8d6ce07e-4252-470c-a5c8-3709bb342512,EUR,2019,11,363.7800000000001
8d6ce07e-4252-470c-a5c8-3709bb342512,EUR,2019,10,-527.2400000000002
8d6ce07e-4252-470c-a5c8-3709bb342512,EUR,2019,9,3018.21
8d6ce07e-4252-470c-a5c8-3709bb342512,EUR,2019,6,-899.94
8d6ce07e-4252-470c-a5c8-3709bb342512,EUR,2019,5,64.15000000000003
8d6ce07e-4252-470c-a5c8-3709bb342512,EUR,2019,4,1743.88
8d6ce07e-4252-470c-a5c8-3709bb342512,EUR,2019,3,-2034.7199999999998
8d6ce07e-4252-470c-a5c8-3709bb342512,EUR,2019,2,197.01
8d6ce07e-4252-470c-a5c8-3709bb342512,EUR,2019,1,-25.15
959ef36a-09f1-4733-85bd-33542ddb8791,EUR,2023,11,3390.69
959ef36a-09f1-4733-85bd-33542ddb8791,EUR,2023,10,-985.5599999999998
959ef36a-09f1-4733-85bd-33542ddb8791,EUR,2023,9,-1815.4200000000003
959ef36a-09f1-4733-85bd-33542ddb8791,EUR,2023,8,-3046.189999999999
959ef36a-09f1-4733-85bd-33542ddb8791,EUR,2023,7,1348.8899999999999
959ef36a-09f1-4733-85bd-33542ddb8791,EUR,2023,6,3169.4300000000003
959ef36a-09f1-4733-85bd-33542ddb8791,EUR,2023,5,3193.3199999999997
959ef36a-09f1-4733-85bd-33542ddb8791,EUR,2023,4,-482.4
959ef36a-09f1-4733-85bd-33542ddb8791,EUR,2023,3,-2896.4
959ef36a-09f1-4733-85bd-33542ddb8791,EUR,2023,2,-67.09000000000015
959ef36a-09f1-4733-85bd-33542ddb8791,EUR,2023,1,3175.58
959ef36a-09f1-4733-85bd-33542ddb8791,EUR,2022,12,1511.1199999999997
959ef36a-09f1-4733-85bd-33542ddb8791,EUR,2022,11,-1358.15
959ef36a-09f1-4733-85bd-33542ddb8791,EUR,2022,10,-743.6600000000001
959ef36a-09f1-4733-85bd-33542ddb8791,EUR,2022,9,-2148.93
959ef36a-09f1-4733-85bd-33542ddb8791,EUR,2022,8,338.3500000000005
959ef36a-09f1-4733-85bd-33542ddb8791,EUR,2022,7,4868.090000000001
959ef36a-09f1-4733-85bd-33542ddb8791,EUR,2022,6,-967.2099999999999
959ef36a-09f1-4733-85bd-33542ddb8791,EUR,2022,5,3272.57
959ef36a-09f1-4733-85bd-33542ddb8791,EUR,2022,4,3099.25
959ef36a-09f1-4733-85bd-33542ddb8791,EUR,2022,3,1958.83
959ef36a-09f1-4733-85bd-33542ddb8791,EUR,2022,2,-1096.8500000000001
959ef36a-09f1-4733-85bd-33542ddb8791,EUR,2022,1,1072.08
959ef36a-09f1-4733-85bd-33542ddb8791,EUR,2021,12,-5334.02
959ef36a-09f1-4733-85bd-33542ddb8791,EUR,2021,11,3878.1800000000003
959ef36a-09f1-4733-85bd-33542ddb8791,EUR,2021,10,1048.51
959ef36a-09f1-4733-85bd-33542ddb8791,EUR,2021,9,-3221.7000000000003
959ef36a-09f1-4733-85bd-33542ddb8791,EUR,2021,8,-65.63000000000011
959ef36a-09f1-4733-85bd-33542ddb8791,EUR,2021,7,-1867.6899999999998
959ef36a-09f1-4733-85bd-33542ddb8791,EUR,2021,6,-92.33999999999997
959ef36a-09f1-4733-85bd-33542ddb8791,EUR,2021,5,-2481.56
959ef36a-09f1-4733-85bd-33542ddb8791,EUR,2021,4,735.9799999999997
959ef36a-09f1-4733-85bd-33542ddb8791,EUR,2021,3,144.8800000000001
959ef36a-09f1-4733-85bd-33542ddb8791,EUR,2021,2,1617.87
959ef36a-09f1-4733-85bd-33542ddb8791,EUR,2021,1,-2938.86
959ef36a-09f1-4733-85bd-33542ddb8791,EUR,2020,12,223.12999999999985
959ef36a-09f1-4733-85bd-33542ddb8791,EUR,2020,11,-1697.2099999999998
959ef36a-09f1-4733-85bd-33542ddb8791,EUR,2020,10,-4786.99
959ef36a-09f1-4733-85bd-33542ddb8791,EUR,2020,9,476.7599999999999
959ef36a-09f1-4733-85bd-33542ddb8791,EUR,2020,8,479.90999999999985
959ef36a-09f1-4733-85bd-33542ddb8791,EUR,2020,7,-1853.31
959ef36a-09f1-4733-85bd-33542ddb8791,EUR,2020,6,-717.5000000000005
959ef36a-09f1-4733-85bd-33542ddb8791,EUR,2020,5,-2402.47
959ef36a-09f1-4733-85bd-33542ddb8791,EUR,2020,4,-1376.9900000000002
959ef36a-09f1-4733-85bd-33542ddb8791,EUR,2020,3,1250.3299999999995
959ef36a-09f1-4733-85bd-33542ddb8791,EUR,2020,2,-10122.81
959ef36a-09f1-4733-85bd-33542ddb8791,EUR,2020,1,1603.28
959ef36a-09f1-4733-85bd-33542ddb8791,EUR,2019,12,-747.7199999999999
959ef36a-09f1-4733-85bd-33542ddb8791,EUR,2019,11,-128.56000000000006
959ef36a-09f1-4733-85bd-33542ddb8791,EUR,2019,10,2562.24
959ef36a-09f1-4733-85bd-33542ddb8791,EUR,2019,9,-730.24
959ef36a-09f1-4733-85bd-33542ddb8791,EUR,2019,8,-1177.66
959ef36a-09f1-4733-85bd-33542ddb8791,EUR,2019,7,2146.25
959ef36a-09f1-4733-85bd-33542ddb8791,EUR,2019,6,-753.9100000000003
959ef36a-09f1-4733-85bd-33542ddb8791,EUR,2019,5,1078.049999999999
959ef36a-09f1-4733-85bd-33542ddb8791,EUR,2019,4,-2922.7300000000005
959ef36a-09f1-4733-85bd-33542ddb8791,EUR,2019,3,2177.3400000000006
959ef36a-09f1-4733-85bd-33542ddb8791,EUR,2019,2,2080.7700000000004
959ef36a-09f1-4733-85bd-33542ddb8791,EUR,2019,1,892.7300000000001
9e3361b2-91da-41b5-8fdf-b79cf90b77b1,EUR,2023,11,1197.0100000000002
9e3361b2-91da-41b5-8fdf-b79cf90b77b1,EUR,2023,9,-1870.85
9e3361b2-91da-41b5-8fdf-b79cf90b77b1,EUR,2023,8,-579.54
9e3361b2-91da-41b5-8fdf-b79cf90b77b1,EUR,2023,7,682.81
9e3361b2-91da-41b5-8fdf-b79cf90b77b1,EUR,2023,6,-1668.83
9e3361b2-91da-41b5-8fdf-b79cf90b77b1,EUR,2023,5,888.39
9e3361b2-91da-41b5-8fdf-b79cf90b77b1,EUR,2023,4,-794.81
9e3361b2-91da-41b5-8fdf-b79cf90b77b1,EUR,2023,3,302.03999999999996
9e3361b2-91da-41b5-8fdf-b79cf90b77b1,EUR,2023,2,-2154.79
9e3361b2-91da-41b5-8fdf-b79cf90b77b1,EUR,2023,1,-4758.45
9e3361b2-91da-41b5-8fdf-b79cf90b77b1,EUR,2022,12,1157.44
9e3361b2-91da-41b5-8fdf-b79cf90b77b1,EUR,2022,11,-162.43000000000006
9e3361b2-91da-41b5-8fdf-b79cf90b77b1,EUR,2022,10,-1157.88
9e3361b2-91da-41b5-8fdf-b79cf90b77b1,EUR,2022,9,2059.32
9e3361b2-91da-41b5-8fdf-b79cf90b77b1,EUR,2022,8,1168.5
9e3361b2-91da-41b5-8fdf-b79cf90b77b1,EUR,2022,7,-46.559999999999945
9e3361b2-91da-41b5-8fdf-b79cf90b77b1,EUR,2022,6,-3692.7
9e3361b2-91da-41b5-8fdf-b79cf90b77b1,EUR,2022,5,1469.48
9e3361b2-91da-41b5-8fdf-b79cf90b77b1,EUR,2022,4,236.13
9e3361b2-91da-41b5-8fdf-b79cf90b77b1,EUR,2022,3,-250.78
9e3361b2-91da-41b5-8fdf-b79cf90b77b1,EUR,2022,2,-4116.73
9e3361b2-91da-41b5-8fdf-b79cf90b77b1,EUR,2022,1,-2476.33
9e3361b2-91da-41b5-8fdf-b79cf90b77b1,EUR,2021,12,-1340.06
9e3361b2-91da-41b5-8fdf-b79cf90b77b1,EUR,2021,11,1369.1599999999999
9e3361b2-91da-41b5-8fdf-b79cf90b77b1,EUR,2021,10,-46.03000000000003
9e3361b2-91da-41b5-8fdf-b79cf90b77b1,EUR,2021,9,-3801.58
9e3361b2-91da-41b5-8fdf-b79cf90b77b1,EUR,2021,8,783.28
9e3361b2-91da-41b5-8fdf-b79cf90b77b1,EUR,2021,7,-661.2699999999999
9e3361b2-91da-41b5-8fdf-b79cf90b77b1,EUR,2021,6,700.1700000000001
9e3361b2-91da-41b5-8fdf-b79cf90b77b1,EUR,2021,5,2156.44
9e3361b2-91da-41b5-8fdf-b79cf90b77b1,EUR,2021,4,-301.2
9e3361b2-91da-41b5-8fdf-b79cf90b77b1,EUR,2021,3,2099.92
9e3361b2-91da-41b5-8fdf-b79cf90b77b1,EUR,2021,2,1187.7599999999998
9e3361b2-91da-41b5-8fdf-b79cf90b77b1,EUR,2021,1,741.6
9e3361b2-91da-41b5-8fdf-b79cf90b77b1,EUR,2020,12,1174.03
9e3361b2-91da-41b5-8fdf-b79cf90b77b1,EUR,2020,11,-281.1299999999999
9e3361b2-91da-41b5-8fdf-b79cf90b77b1,EUR,2020,10,2027.35
9e3361b2-91da-41b5-8fdf-b79cf90b77b1,EUR,2020,9,349.27
9e3361b2-91da-41b5-8fdf-b79cf90b77b1,EUR,2020,8,738.5300000000002
9e3361b2-91da-41b5-8fdf-b79cf90b77b1,EUR,2020,7,-2513.8199999999997
9e3361b2-91da-41b5-8fdf-b79cf90b77b1,EUR,2020,6,-743.74
9e3361b2-91da-41b5-8fdf-b79cf90b77b1,EUR,2020,5,18.97
9e3361b2-91da-41b5-8fdf-b79cf90b77b1,EUR,2020,4,1603.86
9e3361b2-91da-41b5-8fdf-b79cf90b77b1,EUR,2020,3,-593.94
9e3361b2-91da-41b5-8fdf-b79cf90b77b1,EUR,2020,2,508.25
9e3361b2-91da-41b5-8fdf-b79cf90b77b1,EUR,2020,1,1195.7400000000002
9e3361b2-91da-41b5-8fdf-b79cf90b77b1,EUR,2019,12,-1710.02
9e3361b2-91da-41b5-8fdf-b79cf90b77b1,EUR,2019,11,-576.9099999999999
9e3361b2-91da-41b5-8fdf-b79cf90b77b1,EUR,2019,10,1025.79
9e3361b2-91da-41b5-8fdf-b79cf90b77b1,EUR,2019,9,-3017.42
9e3361b2-91da-41b5-8fdf-b79cf90b77b1,EUR,2019,8,1755.6799999999994
9e3361b2-91da-41b5-8fdf-b79cf90b77b1,EUR,2019,7,-1544.77
9e3361b2-91da-41b5-8fdf-b79cf90b77b1,EUR,2019,6,-1369.39
9e3361b2-91da-41b5-8fdf-b79cf90b77b1,EUR,2019,5,-810.07
9e3361b2-91da-41b5-8fdf-b79cf90b77b1,EUR,2019,4,2387.51
9e3361b2-91da-41b5-8fdf-b79cf90b77b1,EUR,2019,3,-2771.6099999999997
9e3361b2-91da-41b5-8fdf-b79cf90b77b1,EUR,2019,2,1367.36
9e3361b2-91da-41b5-8fdf-b79cf90b77b1,EUR,2019,1,-3055.6200000000003
a17c27dd-fca5-40c3-9194-0fb431fd2752,EUR,2023,11,383.12
a17c27dd-fca5-40c3-9194-0fb431fd2752,EUR,2023,9,-795.79
a17c27dd-fca5-40c3-9194-0fb431fd2752,EUR,2023,7,1297.71
a17c27dd-fca5-40c3-9194-0fb431fd2752,EUR,2023,3,1757.7
a17c27dd-fca5-40c3-9194-0fb431fd2752,EUR,2023,2,-688.72
a17c27dd-fca5-40c3-9194-0fb431fd2752,EUR,2023,1,922.26
a17c27dd-fca5-40c3-9194-0fb431fd2752,EUR,2022,11,480.5
a17c27dd-fca5-40c3-9194-0fb431fd2752,EUR,2022,9,188.01
a17c27dd-fca5-40c3-9194-0fb431fd2752,EUR,2022,6,41.61
a17c27dd-fca5-40c3-9194-0fb431fd2752,EUR,2022,5,-490.9
a17c27dd-fca5-40c3-9194-0fb431fd2752,EUR,2022,4,-601.2
a17c27dd-fca5-40c3-9194-0fb431fd2752,EUR,2022,2,-1239.3200000000002
a17c27dd-fca5-40c3-9194-0fb431fd2752,EUR,2022,1,1899.8
a17c27dd-fca5-40c3-9194-0fb431fd2752,EUR,2021,11,-482.6
a17c27dd-fca5-40c3-9194-0fb431fd2752,EUR,2021,10,428.23000000000025
a17c27dd-fca5-40c3-9194-0fb431fd2752,EUR,2021,9,-597.9100000000001
a17c27dd-fca5-40c3-9194-0fb431fd2752,EUR,2021,3,-1403.19
a17c27dd-fca5-40c3-9194-0fb431fd2752,EUR,2021,1,920.51
a17c27dd-fca5-40c3-9194-0fb431fd2752,EUR,2020,12,1102.85
a17c27dd-fca5-40c3-9194-0fb431fd2752,EUR,2020,11,2743.96
a17c27dd-fca5-40c3-9194-0fb431fd2752,EUR,2020,10,-1145.22
a17c27dd-fca5-40c3-9194-0fb431fd2752,EUR,2020,9,1902.92
a17c27dd-fca5-40c3-9194-0fb431fd2752,EUR,2020,8,926.62
a17c27dd-fca5-40c3-9194-0fb431fd2752,EUR,2020,7,533.7
a17c27dd-fca5-40c3-9194-0fb431fd2752,EUR,2020,6,1610.49
a17c27dd-fca5-40c3-9194-0fb431fd2752,EUR,2020,4,735.43
a17c27dd-fca5-40c3-9194-0fb431fd2752,EUR,2020,3,-860.87
a17c27dd-fca5-40c3-9194-0fb431fd2752,EUR,2019,12,328.23
a17c27dd-fca5-40c3-9194-0fb431fd2752,EUR,2019,11,-49.83
a17c27dd-fca5-40c3-9194-0fb431fd2752,EUR,2019,8,494.69
a17c27dd-fca5-40c3-9194-0fb431fd2752,EUR,2019,7,596.27
a17c27dd-fca5-40c3-9194-0fb431fd2752,EUR,2019,5,-1137.85
a17c27dd-fca5-40c3-9194-0fb431fd2752,EUR,2019,2,-919.8600000000001
a2220d82-f79b-49b2-a45a-c27ddc4226f7,GBP,2023,11,-1906.7600000000002
a2220d82-f79b-49b2-a45a-c27ddc4226f7,GBP,2023,10,3142.4699999999993
a2220d82-f79b-49b2-a45a-c27ddc4226f7,GBP,2023,9,-4190.1900000000005
a2220d82-f79b-49b2-a45a-c27ddc4226f7,GBP,2023,8,659.87
a2220d82-f79b-49b2-a45a-c27ddc4226f7,GBP,2023,7,3817.46
a2220d82-f79b-49b2-a45a-c27ddc4226f7,GBP,2023,6,-2026.69
a2220d82-f79b-49b2-a45a-c27ddc4226f7,GBP,2023,5,3903.840000000001
a2220d82-f79b-49b2-a45a-c27ddc4226f7,GBP,2023,4,1857.71
a2220d82-f79b-49b2-a45a-c27ddc4226f7,GBP,2023,3,4236.83
a2220d82-f79b-49b2-a45a-c27ddc4226f7,GBP,2023,2,-1348.8
a2220d82-f79b-49b2-a45a-c27ddc4226f7,GBP,2023,1,2366.5699999999997
a2220d82-f79b-49b2-a45a-c27ddc4226f7,GBP,2022,12,-355.55999999999995
a2220d82-f79b-49b2-a45a-c27ddc4226f7,GBP,2022,11,-1866.0899999999997
a2220d82-f79b-49b2-a45a-c27ddc4226f7,GBP,2022,10,-3483.79
a2220d82-f79b-49b2-a45a-c27ddc4226f7,GBP,2022,9,-4912.2699999999995
a2220d82-f79b-49b2-a45a-c27ddc4226f7,GBP,2022,8,-2207.1899999999996
a2220d82-f79b-49b2-a45a-c27ddc4226f7,GBP,2022,7,-1477.2400000000002
a2220d82-f79b-49b2-a45a-c27ddc4226f7,GBP,2022,6,901.0199999999996
a2220d82-f79b-49b2-a45a-c27ddc4226f7,GBP,2022,5,-2526.7299999999996
a2220d82-f79b-49b2-a45a-c27ddc4226f7,GBP,2022,4,-16.58999999999986
a2220d82-f79b-49b2-a45a-c27ddc4226f7,GBP,2022,3,2816.62
a2220d82-f79b-49b2-a45a-c27ddc4226f7,GBP,2022,2,-723.2199999999998
a2220d82-f79b-49b2-a45a-c27ddc4226f7,GBP,2022,1,-198.49
a2220d82-f79b-49b2-a45a-c27ddc4226f7,GBP,2021,12,5584.49
a2220d82-f79b-49b2-a45a-c27ddc4226f7,GBP,2021,11,-197.0899999999997
a2220d82-f79b-49b2-a45a-c27ddc4226f7,GBP,2021,10,4405.93
a2220d82-f79b-49b2-a45a-c27ddc4226f7,GBP,2021,9,-1537.5099999999998
a2220d82-f79b-49b2-a45a-c27ddc4226f7,GBP,2021,8,-1738.0999999999997
a2220d82-f79b-49b2-a45a-c27ddc4226f7,GBP,2021,7,2942.8599999999997
a2220d82-f79b-49b2-a45a-c27ddc4226f7,GBP,2021,6,-2022.3799999999997
a2220d82-f79b-49b2-a45a-c27ddc4226f7,GBP,2021,5,1269.0900000000001
a2220d82-f79b-49b2-a45a-c27ddc4226f7,GBP,2021,4,4180.91
a2220d82-f79b-49b2-a45a-c27ddc4226f7,GBP,2021,3,-1709.0300000000002
a2220d82-f79b-49b2-a45a-c27ddc4226f7,GBP,2021,2,1828.65
a2220d82-f79b-49b2-a45a-c27ddc4226f7,GBP,2021,1,-3450.67
a2220d82-f79b-49b2-a45a-c27ddc4226f7,GBP,2020,12,1587.05
a2220d82-f79b-49b2-a45a-c27ddc4226f7,GBP,2020,11,-7556.800000000001
a2220d82-f79b-49b2-a45a-c27ddc4226f7,GBP,2020,10,858.0400000000001
a2220d82-f79b-49b2-a45a-c27ddc4226f7,GBP,2020,9,-457.98
a2220d82-f79b-49b2-a45a-c27ddc4226f7,GBP,2020,8,15.370000000000005
a2220d82-f79b-49b2-a45a-c27ddc4226f7,GBP,2020,7,2325.13
a2220d82-f79b-49b2-a45a-c27ddc4226f7,GBP,2020,6,-797.5700000000002
a2220d82-f79b-49b2-a45a-c27ddc4226f7,GBP,2020,5,-366.4600000000001
a2220d82-f79b-49b2-a45a-c27ddc4226f7,GBP,2020,4,639.67
a2220d82-f79b-49b2-a45a-c27ddc4226f7,GBP,2020,3,1977.5199999999995
a2220d82-f79b-49b2-a45a-c27ddc4226f7,GBP,2020,2,-1720.9100000000003
a2220d82-f79b-49b2-a45a-c27ddc4226f7,GBP,2020,1,976.6400000000001
a2220d82-f79b-49b2-a45a-c27ddc4226f7,GBP,2019,12,-3449.9
a2220d82-f79b-49b2-a45a-c27ddc4226f7,GBP,2019,11,673.72
a2220d82-f79b-49b2-a45a-c27ddc4226f7,GBP,2019,10,1118.5700000000002
a2220d82-f79b-49b2-a45a-c27ddc4226f7,GBP,2019,9,2857.9900000000002
a2220d82-f79b-49b2-a45a-c27ddc4226f7,GBP,2019,8,-921.3400000000001
a2220d82-f79b-49b2-a45a-c27ddc4226f7,GBP,2019,7,979.0499999999998
a2220d82-f79b-49b2-a45a-c27ddc4226f7,GBP,2019,6,-3299.1600000000003
a2220d82-f79b-49b2-a45a-c27ddc4226f7,GBP,2019,5,441.5500000000002
a2220d82-f79b-49b2-a45a-c27ddc4226f7,GBP,2019,4,-2844.76
a2220d82-f79b-49b2-a45a-c27ddc4226f7,GBP,2019,3,-3020.7799999999997
a2220d82-f79b-49b2-a45a-c27ddc4226f7,GBP,2019,2,332.13
a2220d82-f79b-49b2-a45a-c27ddc4226f7,GBP,2019,1,-1943.73
a62a6783-d908-4b5b-8b68-232bc422f60c,GBP,2023,11,1063.25
a62a6783-d908-4b5b-8b68-232bc422f60c,GBP,2023,9,693.26
a62a6783-d908-4b5b-8b68-232bc422f60c,GBP,2023,8,400.68
a62a6783-d908-4b5b-8b68-232bc422f60c,GBP,2023,7,2702.7
a62a6783-d908-4b5b-8b68-232bc422f60c,GBP,2023,6,-1501.1
a62a6783-d908-4b5b-8b68-232bc422f60c,GBP,2023,5,-617.53
a62a6783-d908-4b5b-8b68-232bc422f60c,GBP,2023,4,-730.77
a62a6783-d908-4b5b-8b68-232bc422f60c,GBP,2023,3,1236.65
a62a6783-d908-4b5b-8b68-232bc422f60c,GBP,2023,2,2140.76
a62a6783-d908-4b5b-8b68-232bc422f60c,GBP,2022,12,-296.29999999999995
a62a6783-d908-4b5b-8b68-232bc422f60c,GBP,2022,10,-494.98
a62a6783-d908-4b5b-8b68-232bc422f60c,GBP,2022,9,1829.15
a62a6783-d908-4b5b-8b68-232bc422f60c,GBP,2022,8,-1484.46
a62a6783-d908-4b5b-8b68-232bc422f60c,GBP,2022,6,-760.7700000000001
a62a6783-d908-4b5b-8b68-232bc422f60c,GBP,2022,4,-753.2
a62a6783-d908-4b5b-8b68-232bc422f60c,GBP,2022,3,-2470.79
a62a6783-d908-4b5b-8b68-232bc422f60c,GBP,2022,1,-1235.6
a62a6783-d908-4b5b-8b68-232bc422f60c,GBP,2021,12,335.74
a62a6783-d908-4b5b-8b68-232bc422f60c,GBP,2021,10,528.8
a62a6783-d908-4b5b-8b68-232bc422f60c,GBP,2021,9,-136.91
a62a6783-d908-4b5b-8b68-232bc422f60c,GBP,2021,8,130.63
a62a6783-d908-4b5b-8b68-232bc422f60c,GBP,2021,7,1015.91
a62a6783-d908-4b5b-8b68-232bc422f60c,GBP,2021,6,-1503.1
a62a6783-d908-4b5b-8b68-232bc422f60c,GBP,2021,5,94.89999999999986
a62a6783-d908-4b5b-8b68-232bc422f60c,GBP,2021,4,207.98
a62a6783-d908-4b5b-8b68-232bc422f60c,GBP,2021,3,-324.7
a62a6783-d908-4b5b-8b68-232bc422f60c,GBP,2021,2,3586.75
a62a6783-d908-4b5b-8b68-232bc422f60c,GBP,2021,1,2601.59
a62a6783-d908-4b5b-8b68-232bc422f60c,GBP,2020,12,-1000.65
a62a6783-d908-4b5b-8b68-232bc422f60c,GBP,2020,11,-751.83
a62a6783-d908-4b5b-8b68-232bc422f60c,GBP,2020,10,-1926.33
a62a6783-d908-4b5b-8b68-232bc422f60c,GBP,2020,9,1383.68
a62a6783-d908-4b5b-8b68-232bc422f60c,GBP,2020,8,110.90000000000009
a62a6783-d908-4b5b-8b68-232bc422f60c,GBP,2020,5,3098.4300000000003
a62a6783-d908-4b5b-8b68-232bc422f60c,GBP,2020,3,-104.20000000000005
a62a6783-d908-4b5b-8b68-232bc422f60c,GBP,2020,2,1792.56
a62a6783-d908-4b5b-8b68-232bc422f60c,GBP,2020,1,-990.9200000000001
a62a6783-d908-4b5b-8b68-232bc422f60c,GBP,2019,11,-530.15
a62a6783-d908-4b5b-8b68-232bc422f60c,GBP,2019,10,246.6
a62a6783-d908-4b5b-8b68-232bc422f60c,GBP,2019,9,3389.14
a62a6783-d908-4b5b-8b68-232bc422f60c,GBP,2019,8,415.06000000000006
a62a6783-d908-4b5b-8b68-232bc422f60c,GBP,2019,7,570.24
a62a6783-d908-4b5b-8b68-232bc422f60c,GBP,2019,6,-420.52
a62a6783-d908-4b5b-8b68-232bc422f60c,GBP,2019,5,-145.26
a62a6783-d908-4b5b-8b68-232bc422f60c,GBP,2019,3,-327.32
b4e5b5bb-658b-44dc-b892-9612286b5dc4,GBP,2023,11,713.1599999999999
b4e5b5bb-658b-44dc-b892-9612286b5dc4,GBP,2023,10,-2842.13
b4e5b5bb-658b-44dc-b892-9612286b5dc4,GBP,2023,9,-521.25
b4e5b5bb-658b-44dc-b892-9612286b5dc4,GBP,2023,8,-1049.3899999999999
b4e5b5bb-658b-44dc-b892-9612286b5dc4,GBP,2023,7,1012.0700000000003
b4e5b5bb-658b-44dc-b892-9612286b5dc4,GBP,2023,6,-782.0500000000001
b4e5b5bb-658b-44dc-b892-9612286b5dc4,GBP,2023,5,-5474.56
b4e5b5bb-658b-44dc-b892-9612286b5dc4,GBP,2023,4,-5567.9400000000005
b4e5b5bb-658b-44dc-b892-9612286b5dc4,GBP,2023,3,-611.75
b4e5b5bb-658b-44dc-b892-9612286b5dc4,GBP,2023,2,-3212.3
b4e5b5bb-658b-44dc-b892-9612286b5dc4,GBP,2023,1,-207.1300000000001
b4e5b5bb-658b-44dc-b892-9612286b5dc4,GBP,2022,12,1296.86
b4e5b5bb-658b-44dc-b892-9612286b5dc4,GBP,2022,11,676.29
b4e5b5bb-658b-44dc-b892-9612286b5dc4,GBP,2022,10,-701.69
b4e5b5bb-658b-44dc-b892-9612286b5dc4,GBP,2022,9,-1051.35
b4e5b5bb-658b-44dc-b892-9612286b5dc4,GBP,2022,8,1805.77
b4e5b5bb-658b-44dc-b892-9612286b5dc4,GBP,2022,7,292.58
b4e5b5bb-658b-44dc-b892-9612286b5dc4,GBP,2022,6,-2241.4300000000003
b4e5b5bb-658b-44dc-b892-9612286b5dc4,GBP,2022,5,-1235.3799999999999
b4e5b5bb-658b-44dc-b892-9612286b5dc4,GBP,2022,4,-3978.36
b4e5b5bb-658b-44dc-b892-9612286b5dc4,GBP,2022,3,3084.32
b4e5b5bb-658b-44dc-b892-9612286b5dc4,GBP,2022,2,-6090.37
b4e5b5bb-658b-44dc-b892-9612286b5dc4,GBP,2022,1,1325.0500000000002
b4e5b5bb-658b-44dc-b892-9612286b5dc4,GBP,2021,12,1646.56
b4e5b5bb-658b-44dc-b892-9612286b5dc4,GBP,2021,11,-449.57000000000005
b4e5b5bb-658b-44dc-b892-9612286b5dc4,GBP,2021,10,-1041.69
b4e5b5bb-658b-44dc-b892-9612286b5dc4,GBP,2021,9,3833.67
b4e5b5bb-658b-44dc-b892-9612286b5dc4,GBP,2021,8,1440.6900000000003
b4e5b5bb-658b-44dc-b892-9612286b5dc4,GBP,2021,7,-5317.870000000001
b4e5b5bb-658b-44dc-b892-9612286b5dc4,GBP,2021,6,2802.31
b4e5b5bb-658b-44dc-b892-9612286b5dc4,GBP,2021,5,-4449.67
b4e5b5bb-658b-44dc-b892-9612286b5dc4,GBP,2021,4,2457.9300000000003
b4e5b5bb-658b-44dc-b892-9612286b5dc4,GBP,2021,3,82.75
b4e5b5bb-658b-44dc-b892-9612286b5dc4,GBP,2021,2,3456.42
b4e5b5bb-658b-44dc-b892-9612286b5dc4,GBP,2021,1,-1013.75
b4e5b5bb-658b-44dc-b892-9612286b5dc4,GBP,2020,12,-2786.64
b4e5b5bb-658b-44dc-b892-9612286b5dc4,GBP,2020,11,-2797.54
b4e5b5bb-658b-44dc-b892-9612286b5dc4,GBP,2020,10,284.95000000000016
b4e5b5bb-658b-44dc-b892-9612286b5dc4,GBP,2020,9,-1381.3899999999999
b4e5b5bb-658b-44dc-b892-9612286b5dc4,GBP,2020,8,2759.91
b4e5b5bb-658b-44dc-b892-9612286b5dc4,GBP,2020,7,1077.66
b4e5b5bb-658b-44dc-b892-9612286b5dc4,GBP,2020,6,3056.88
b4e5b5bb-658b-44dc-b892-9612286b5dc4,GBP,2020,5,-1667.0699999999997
b4e5b5bb-658b-44dc-b892-9612286b5dc4,GBP,2020,4,1163.46
b4e5b5bb-658b-44dc-b892-9612286b5dc4,GBP,2020,3,-544.2099999999997
b4e5b5bb-658b-44dc-b892-9612286b5dc4,GBP,2020,2,1359.1399999999999
b4e5b5bb-658b-44dc-b892-9612286b5dc4,GBP,2020,1,781.3
b4e5b5bb-658b-44dc-b892-9612286b5dc4,GBP,2019,12,3352.6600000000003
b4e5b5bb-658b-44dc-b892-9612286b5dc4,GBP,2019,11,948.9300000000001
b4e5b5bb-658b-44dc-b892-9612286b5dc4,GBP,2019,10,2639.98
b4e5b5bb-658b-44dc-b892-9612286b5dc4,GBP,2019,9,3915.2900000000004
b4e5b5bb-658b-44dc-b892-9612286b5dc4,GBP,2019,8,2204.19
b4e5b5bb-658b-44dc-b892-9612286b5dc4,GBP,2019,7,2482.2699999999995
b4e5b5bb-658b-44dc-b892-9612286b5dc4,GBP,2019,6,-30.480000000000132
b4e5b5bb-658b-44dc-b892-9612286b5dc4,GBP,2019,5,-2757.23
b4e5b5bb-658b-44dc-b892-9612286b5dc4,GBP,2019,4,-5791.150000000001
b4e5b5bb-658b-44dc-b892-9612286b5dc4,GBP,2019,3,-2143.92
b4e5b5bb-658b-44dc-b892-9612286b5dc4,GBP,2019,2,-3624.37
b4e5b5bb-658b-44dc-b892-9612286b5dc4,GBP,2019,1,534.55
b76cea0a-35e1-4703-a251-1ca4b440a3b5,GBP,2023,11,-1214.77
b76cea0a-35e1-4703-a251-1ca4b440a3b5,GBP,2023,9,-168.44
b76cea0a-35e1-4703-a251-1ca4b440a3b5,GBP,2023,8,-2112.26
b76cea0a-35e1-4703-a251-1ca4b440a3b5,GBP,2023,6,272.83
b76cea0a-35e1-4703-a251-1ca4b440a3b5,GBP,2023,1,848.93
b76cea0a-35e1-4703-a251-1ca4b440a3b5,GBP,2022,5,1157.47
b76cea0a-35e1-4703-a251-1ca4b440a3b5,GBP,2022,4,-220.71
b76cea0a-35e1-4703-a251-1ca4b440a3b5,GBP,2022,3,-910.65
b76cea0a-35e1-4703-a251-1ca4b440a3b5,GBP,2022,2,1115.6
b76cea0a-35e1-4703-a251-1ca4b440a3b5,GBP,2022,1,646.2
b76cea0a-35e1-4703-a251-1ca4b440a3b5,GBP,2021,12,1274.31
b76cea0a-35e1-4703-a251-1ca4b440a3b5,GBP,2021,5,-1499.55
b76cea0a-35e1-4703-a251-1ca4b440a3b5,GBP,2021,1,-319.02
b76cea0a-35e1-4703-a251-1ca4b440a3b5,GBP,2020,12,1730.87
b76cea0a-35e1-4703-a251-1ca4b440a3b5,GBP,2020,5,-1015.94
b76cea0a-35e1-4703-a251-1ca4b440a3b5,GBP,2020,3,-1194.54
b76cea0a-35e1-4703-a251-1ca4b440a3b5,GBP,2019,10,-714.21
b76cea0a-35e1-4703-a251-1ca4b440a3b5,GBP,2019,9,-1905.7
b76cea0a-35e1-4703-a251-1ca4b440a3b5,GBP,2019,7,1581.3899999999999
b76cea0a-35e1-4703-a251-1ca4b440a3b5,GBP,2019,1,-1224.76
bf6c10af-cfc8-465e-b624-6dd39c799a83,GBP,2023,11,229.44
bf6c10af-cfc8-465e-b624-6dd39c799a83,GBP,2023,10,-204.0699999999997
bf6c10af-cfc8-465e-b624-6dd39c799a83,GBP,2023,9,1918.32
bf6c10af-cfc8-465e-b624-6dd39c799a83,GBP,2023,7,-825.8100000000002
bf6c10af-cfc8-465e-b624-6dd39c799a83,GBP,2023,5,527.25
bf6c10af-cfc8-465e-b624-6dd39c799a83,GBP,2023,4,763.73
bf6c10af-cfc8-465e-b624-6dd39c799a83,GBP,2023,3,-871.6
bf6c10af-cfc8-465e-b624-6dd39c799a83,GBP,2023,2,-1047.38
bf6c10af-cfc8-465e-b624-6dd39c799a83,GBP,2022,12,492.8
bf6c10af-cfc8-465e-b624-6dd39c799a83,GBP,2022,11,1373.43
bf6c10af-cfc8-465e-b624-6dd39c799a83,GBP,2022,9,339.39
bf6c10af-cfc8-465e-b624-6dd39c799a83,GBP,2022,7,-424.67
bf6c10af-cfc8-465e-b624-6dd39c799a83,GBP,2022,4,475.76
bf6c10af-cfc8-465e-b624-6dd39c799a83,GBP,2022,3,-711.34
bf6c10af-cfc8-465e-b624-6dd39c799a83,GBP,2021,12,-1988.5700000000002
bf6c10af-cfc8-465e-b624-6dd39c799a83,GBP,2021,11,1196.53
bf6c10af-cfc8-465e-b624-6dd39c799a83,GBP,2021,10,2368.37
bf6c10af-cfc8-465e-b624-6dd39c799a83,GBP,2021,8,1911.37
bf6c10af-cfc8-465e-b624-6dd39c799a83,GBP,2021,7,560.24
bf6c10af-cfc8-465e-b624-6dd39c799a83,GBP,2021,6,2182.59
bf6c10af-cfc8-465e-b624-6dd39c799a83,GBP,2021,3,1422.8400000000001
bf6c10af-cfc8-465e-b624-6dd39c799a83,GBP,2021,1,-1252.46
bf6c10af-cfc8-465e-b624-6dd39c799a83,GBP,2020,12,-2035.96
bf6c10af-cfc8-465e-b624-6dd39c799a83,GBP,2020,9,-1627.6
bf6c10af-cfc8-465e-b624-6dd39c799a83,GBP,2020,8,561.2699999999999
bf6c10af-cfc8-465e-b624-6dd39c799a83,GBP,2020,7,-289.16999999999985
bf6c10af-cfc8-465e-b624-6dd39c799a83,GBP,2020,6,583.5600000000001
bf6c10af-cfc8-465e-b624-6dd39c799a83,GBP,2020,5,-3273.6400000000003
bf6c10af-cfc8-465e-b624-6dd39c799a83,GBP,2020,4,1104.5
bf6c10af-cfc8-465e-b624-6dd39c799a83,GBP,2020,3,-1103.22
bf6c10af-cfc8-465e-b624-6dd39c799a83,GBP,2020,2,-57.35
bf6c10af-cfc8-465e-b624-6dd39c799a83,GBP,2020,1,1745.9099999999999
bf6c10af-cfc8-465e-b624-6dd39c799a83,GBP,2019,11,-342.39
bf6c10af-cfc8-465e-b624-6dd39c799a83,GBP,2019,10,1465.67
bf6c10af-cfc8-465e-b624-6dd39c799a83,GBP,2019,9,-932.84
bf6c10af-cfc8-465e-b624-6dd39c799a83,GBP,2019,7,-1911.2200000000003
bf6c10af-cfc8-465e-b624-6dd39c799a83,GBP,2019,6,-678.59
bf6c10af-cfc8-465e-b624-6dd39c799a83,GBP,2019,4,-863.36
bf6c10af-cfc8-465e-b624-6dd39c799a83,GBP,2019,2,-31.88
bf6c10af-cfc8-465e-b624-6dd39c799a83,GBP,2019,1,-1445.61
c791956b-e75a-432b-9001-7630777485e7,GBP,2023,11,-2973.95
c791956b-e75a-432b-9001-7630777485e7,GBP,2023,10,-1245.39
c791956b-e75a-432b-9001-7630777485e7,GBP,2023,9,-467.37000000000035
c791956b-e75a-432b-9001-7630777485e7,GBP,2023,8,-1504.29
c791956b-e75a-432b-9001-7630777485e7,GBP,2023,7,1293.5
c791956b-e75a-432b-9001-7630777485e7,GBP,2023,6,351.68000000000023
c791956b-e75a-432b-9001-7630777485e7,GBP,2023,5,-2756.08
c791956b-e75a-432b-9001-7630777485e7,GBP,2023,4,-676.26
c791956b-e75a-432b-9001-7630777485e7,GBP,2023,3,1965.1599999999999
c791956b-e75a-432b-9001-7630777485e7,GBP,2023,2,-2609.2599999999998
c791956b-e75a-432b-9001-7630777485e7,GBP,2023,1,-1664.35
c791956b-e75a-432b-9001-7630777485e7,GBP,2022,12,2692.0899999999992
c791956b-e75a-432b-9001-7630777485e7,GBP,2022,11,-63.639999999999986
c791956b-e75a-432b-9001-7630777485e7,GBP,2022,10,-1796.55
c791956b-e75a-432b-9001-7630777485e7,GBP,2022,9,-3350.46
c791956b-e75a-432b-9001-7630777485e7,GBP,2022,8,987.28
c791956b-e75a-432b-9001-7630777485e7,GBP,2022,7,4110.68
c791956b-e75a-432b-9001-7630777485e7,GBP,2022,6,-6439.210000000001
c791956b-e75a-432b-9001-7630777485e7,GBP,2022,5,-398.73999999999944
c791956b-e75a-432b-9001-7630777485e7,GBP,2022,4,1509.57
c791956b-e75a-432b-9001-7630777485e7,GBP,2022,3,2330.46
c791956b-e75a-432b-9001-7630777485e7,GBP,2022,2,2623.3300000000004
c791956b-e75a-432b-9001-7630777485e7,GBP,2022,1,-2613.91
c791956b-e75a-432b-9001-7630777485e7,GBP,2021,12,2934.1899999999996
c791956b-e75a-432b-9001-7630777485e7,GBP,2021,11,4273.6
c791956b-e75a-432b-9001-7630777485e7,GBP,2021,10,2467.3899999999994
c791956b-e75a-432b-9001-7630777485e7,GBP,2021,9,-388.35000000000014
c791956b-e75a-432b-9001-7630777485e7,GBP,2021,8,-922.43
c791956b-e75a-432b-9001-7630777485e7,GBP,2021,7,-902.3299999999999
c791956b-e75a-432b-9001-7630777485e7,GBP,2021,6,5010.83
c791956b-e75a-432b-9001-7630777485e7,GBP,2021,5,55.460000000000036
c791956b-e75a-432b-9001-7630777485e7,GBP,2021,4,-2793.7400000000002
c791956b-e75a-432b-9001-7630777485e7,GBP,2021,3,-302.0900000000002
c791956b-e75a-432b-9001-7630777485e7,GBP,2021,2,40.10000000000002
c791956b-e75a-432b-9001-7630777485e7,GBP,2021,1,1778.63
c791956b-e75a-432b-9001-7630777485e7,GBP,2020,12,-1403.0100000000002
c791956b-e75a-432b-9001-7630777485e7,GBP,2020,11,3904.92
c791956b-e75a-432b-9001-7630777485e7,GBP,2020,10,1692.2200000000003
c791956b-e75a-432b-9001-7630777485e7,GBP,2020,9,-618.99
c791956b-e75a-432b-9001-7630777485e7,GBP,2020,8,2878.15
c791956b-e75a-432b-9001-7630777485e7,GBP,2020,7,3114.370000000001
c791956b-e75a-432b-9001-7630777485e7,GBP,2020,6,-777.78
c791956b-e75a-432b-9001-7630777485e7,GBP,2020,5,1385.6100000000001
c791956b-e75a-432b-9001-7630777485e7,GBP,2020,4,-2382.2200000000003
c791956b-e75a-432b-9001-7630777485e7,GBP,2020,3,-1193.48
c791956b-e75a-432b-9001-7630777485e7,GBP,2020,2,1335.57
c791956b-e75a-432b-9001-7630777485e7,GBP,2020,1,-998.4300000000002
c791956b-e75a-432b-9001-7630777485e7,GBP,2019,12,-1421.21
c791956b-e75a-432b-9001-7630777485e7,GBP,2019,11,3037.7399999999993
c791956b-e75a-432b-9001-7630777485e7,GBP,2019,10,-2845.54
c791956b-e75a-432b-9001-7630777485e7,GBP,2019,9,-262.09000000000015
c791956b-e75a-432b-9001-7630777485e7,GBP,2019,8,305.2800000000001
c791956b-e75a-432b-9001-7630777485e7,GBP,2019,7,-225.47999999999996
c791956b-e75a-432b-9001-7630777485e7,GBP,2019,6,296.42999999999995
c791956b-e75a-432b-9001-7630777485e7,GBP,2019,5,2501.9
c791956b-e75a-432b-9001-7630777485e7,GBP,2019,4,-1731.9099999999999
c791956b-e75a-432b-9001-7630777485e7,GBP,2019,3,-1287.02
c791956b-e75a-432b-9001-7630777485e7,GBP,2019,2,-559.29
c791956b-e75a-432b-9001-7630777485e7,GBP,2019,1,-3721.7999999999997
c982459e-8a2c-45ee-9dab-28e627bde5f6,USD,2023,11,567.4200000000001
c982459e-8a2c-45ee-9dab-28e627bde5f6,USD,2023,10,5071.99
c982459e-8a2c-45ee-9dab-28e627bde5f6,USD,2023,9,1545.24
c982459e-8a2c-45ee-9dab-28e627bde5f6,USD,2023,8,1034.2299999999998
c982459e-8a2c-45ee-9dab-28e627bde5f6,USD,2023,7,1808.7299999999998
c982459e-8a2c-45ee-9dab-28e627bde5f6,USD,2023,6,2056.38
c982459e-8a2c-45ee-9dab-28e627bde5f6,USD,2023,5,3652.27
c982459e-8a2c-45ee-9dab-28e627bde5f6,USD,2023,4,-363.64
c982459e-8a2c-45ee-9dab-28e627bde5f6,USD,2023,3,-1036.7199999999998
c982459e-8a2c-45ee-9dab-28e627bde5f6,USD,2023,2,-614.6999999999998
c982459e-8a2c-45ee-9dab-28e627bde5f6,USD,2023,1,1698.04
c982459e-8a2c-45ee-9dab-28e627bde5f6,USD,2022,12,-1155.53
c982459e-8a2c-45ee-9dab-28e627bde5f6,USD,2022,11,-3571.6100000000006
c982459e-8a2c-45ee-9dab-28e627bde5f6,USD,2022,10,-2826.5600000000004
c982459e-8a2c-45ee-9dab-28e627bde5f6,USD,2022,9,925.6600000000003
c982459e-8a2c-45ee-9dab-28e627bde5f6,USD,2022,8,1698.77
c982459e-8a2c-45ee-9dab-28e627bde5f6,USD,2022,7,-5316.000000000001
c982459e-8a2c-45ee-9dab-28e627bde5f6,USD,2022,6,2904.68
c982459e-8a2c-45ee-9dab-28e627bde5f6,USD,2022,5,328.4399999999998
c982459e-8a2c-45ee-9dab-28e627bde5f6,USD,2022,4,-46.08000000000004
c982459e-8a2c-45ee-9dab-28e627bde5f6,USD,2022,3,1806.51
c982459e-8a2c-45ee-9dab-28e627bde5f6,USD,2022,2,5526.390000000001
c982459e-8a2c-45ee-9dab-28e627bde5f6,USD,2022,1,5126.97
c982459e-8a2c-45ee-9dab-28e627bde5f6,USD,2021,12,516.0200000000002
c982459e-8a2c-45ee-9dab-28e627bde5f6,USD,2021,11,3147.41
c982459e-8a2c-45ee-9dab-28e627bde5f6,USD,2021,10,-1004.3899999999999
c982459e-8a2c-45ee-9dab-28e627bde5f6,USD,2021,9,-2284.14
c982459e-8a2c-45ee-9dab-28e627bde5f6,USD,2021,8,389.7900000000002
c982459e-8a2c-45ee-9dab-28e627bde5f6,USD,2021,7,3783.42
c982459e-8a2c-45ee-9dab-28e627bde5f6,USD,2021,6,1294.5700000000002
c982459e-8a2c-45ee-9dab-28e627bde5f6,USD,2021,5,-4902.24
c982459e-8a2c-45ee-9dab-28e627bde5f6,USD,2021,4,-3063.3900000000003
c982459e-8a2c-45ee-9dab-28e627bde5f6,USD,2021,3,-908.7
c982459e-8a2c-45ee-9dab-28e627bde5f6,USD,2021,2,-2710.9299999999994
c982459e-8a2c-45ee-9dab-28e627bde5f6,USD,2021,1,2449.08
c982459e-8a2c-45ee-9dab-28e627bde5f6,USD,2020,12,-1809.7299999999996
c982459e-8a2c-45ee-9dab-28e627bde5f6,USD,2020,11,1512.4499999999998
c982459e-8a2c-45ee-9dab-28e627bde5f6,USD,2020,10,-821.6399999999999
c982459e-8a2c-45ee-9dab-28e627bde5f6,USD,2020,9,1046.959999999999
c982459e-8a2c-45ee-9dab-28e627bde5f6,USD,2020,8,571.62
c982459e-8a2c-45ee-9dab-28e627bde5f6,USD,2020,7,-4169.42
c982459e-8a2c-45ee-9dab-28e627bde5f6,USD,2020,6,-225.7800000000001
c982459e-8a2c-45ee-9dab-28e627bde5f6,USD,2020,5,2512.63
c982459e-8a2c-45ee-9dab-28e627bde5f6,USD,2020,4,3945.0099999999993
c982459e-8a2c-45ee-9dab-28e627bde5f6,USD,2020,3,4809.7300000000005
c982459e-8a2c-45ee-9dab-28e627bde5f6,USD,2020,2,1702.5499999999997
c982459e-8a2c-45ee-9dab-28e627bde5f6,USD,2020,1,-5043.110000000001
c982459e-8a2c-45ee-9dab-28e627bde5f6,USD,2019,12,4822.77
c982459e-8a2c-45ee-9dab-28e627bde5f6,USD,2019,11,-673.93
c982459e-8a2c-45ee-9dab-28e627bde5f6,USD,2019,10,-126.59000000000015
c982459e-8a2c-45ee-9dab-28e627bde5f6,USD,2019,9,-1845.9100000000003
c982459e-8a2c-45ee-9dab-28e627bde5f6,USD,2019,8,-2349.15
c982459e-8a2c-45ee-9dab-28e627bde5f6,USD,2019,7,-3035.73
c982459e-8a2c-45ee-9dab-28e627bde5f6,USD,2019,6,11696.42
c982459e-8a2c-45ee-9dab-28e627bde5f6,USD,2019,5,-7495.630000000001
c982459e-8a2c-45ee-9dab-28e627bde5f6,USD,2019,4,-1308.38
c982459e-8a2c-45ee-9dab-28e627bde5f6,USD,2019,3,382.38000000000034
c982459e-8a2c-45ee-9dab-28e627bde5f6,USD,2019,2,1997.67
c982459e-8a2c-45ee-9dab-28e627bde5f6,USD,2019,1,-1493.73
cdd7313b-c60e-4f2a-bcb4-e92bc2238e57,EUR,2023,11,48.069999999999936
cdd7313b-c60e-4f2a-bcb4-e92bc2238e57,EUR,2023,10,910.6800000000003
cdd7313b-c60e-4f2a-bcb4-e92bc2238e57,EUR,2023,9,-1488.31
cdd7313b-c60e-4f2a-bcb4-e92bc2238e57,EUR,2023,8,-1565.18
cdd7313b-c60e-4f2a-bcb4-e92bc2238e57,EUR,2023,7,-177.93999999999983
cdd7313b-c60e-4f2a-bcb4-e92bc2238e57,EUR,2023,6,1634.3100000000002
cdd7313b-c60e-4f2a-bcb4-e92bc2238e57,EUR,2023,5,355.23
cdd7313b-c60e-4f2a-bcb4-e92bc2238e57,EUR,2023,4,-1050.45
cdd7313b-c60e-4f2a-bcb4-e92bc2238e57,EUR,2023,3,-1526.6
cdd7313b-c60e-4f2a-bcb4-e92bc2238e57,EUR,2023,2,-990.42
cdd7313b-c60e-4f2a-bcb4-e92bc2238e57,EUR,2023,1,-241.77000000000004
cdd7313b-c60e-4f2a-bcb4-e92bc2238e57,EUR,2022,12,-433.13
cdd7313b-c60e-4f2a-bcb4-e92bc2238e57,EUR,2022,9,-1966.77
cdd7313b-c60e-4f2a-bcb4-e92bc2238e57,EUR,2022,8,-172.67999999999998
cdd7313b-c60e-4f2a-bcb4-e92bc2238e57,EUR,2022,7,-1201.43
cdd7313b-c60e-4f2a-bcb4-e92bc2238e57,EUR,2022,6,-1621.03
cdd7313b-c60e-4f2a-bcb4-e92bc2238e57,EUR,2022,4,-719.95
cdd7313b-c60e-4f2a-bcb4-e92bc2238e57,EUR,2022,2,-3245.9500000000003
cdd7313b-c60e-4f2a-bcb4-e92bc2238e57,EUR,2022,1,3369.37
cdd7313b-c60e-4f2a-bcb4-e92bc2238e57,EUR,2021,12,1395.48
cdd7313b-c60e-4f2a-bcb4-e92bc2238e57,EUR,2021,11,-365.78
cdd7313b-c60e-4f2a-bcb4-e92bc2238e57,EUR,2021,10,-2097.65
cdd7313b-c60e-4f2a-bcb4-e92bc2238e57,EUR,2021,8,744.99
cdd7313b-c60e-4f2a-bcb4-e92bc2238e57,EUR,2021,7,-1550.5800000000002
cdd7313b-c60e-4f2a-bcb4-e92bc2238e57,EUR,2021,6,2416.05
cdd7313b-c60e-4f2a-bcb4-e92bc2238e57,EUR,2021,3,366.31999999999994
cdd7313b-c60e-4f2a-bcb4-e92bc2238e57,EUR,2021,2,1149.25
cdd7313b-c60e-4f2a-bcb4-e92bc2238e57,EUR,2021,1,2541.89
cdd7313b-c60e-4f2a-bcb4-e92bc2238e57,EUR,2020,12,-719.3799999999999
cdd7313b-c60e-4f2a-bcb4-e92bc2238e57,EUR,2020,11,3025.8900000000003
cdd7313b-c60e-4f2a-bcb4-e92bc2238e57,EUR,2020,10,993.64
cdd7313b-c60e-4f2a-bcb4-e92bc2238e57,EUR,2020,7,-1883.2
cdd7313b-c60e-4f2a-bcb4-e92bc2238e57,EUR,2020,6,-952.5200000000001
cdd7313b-c60e-4f2a-bcb4-e92bc2238e57,EUR,2020,5,-166.80000000000013
cdd7313b-c60e-4f2a-bcb4-e92bc2238e57,EUR,2020,4,802.51
cdd7313b-c60e-4f2a-bcb4-e92bc2238e57,EUR,2020,3,-733.0899999999999
cdd7313b-c60e-4f2a-bcb4-e92bc2238e57,EUR,2020,2,280.9899999999999
cdd7313b-c60e-4f2a-bcb4-e92bc2238e57,EUR,2020,1,318.8800000000001
cdd7313b-c60e-4f2a-bcb4-e92bc2238e57,EUR,2019,12,1405.32
cdd7313b-c60e-4f2a-bcb4-e92bc2238e57,EUR,2019,10,-1715.92
cdd7313b-c60e-4f2a-bcb4-e92bc2238e57,EUR,2019,9,-308.73
cdd7313b-c60e-4f2a-bcb4-e92bc2238e57,EUR,2019,7,107.01
cdd7313b-c60e-4f2a-bcb4-e92bc2238e57,EUR,2019,5,39.81
cdd7313b-c60e-4f2a-bcb4-e92bc2238e57,EUR,2019,4,402.13
cdd7313b-c60e-4f2a-bcb4-e92bc2238e57,EUR,2019,3,548.61
cdd7313b-c60e-4f2a-bcb4-e92bc2238e57,EUR,2019,2,974.3699999999999
cdd7313b-c60e-4f2a-bcb4-e92bc2238e57,EUR,2019,1,276.95
d2504718-4c64-4164-9134-90237235dd8c,EUR,2023,11,-4361.51
d2504718-4c64-4164-9134-90237235dd8c,EUR,2023,9,-241.98
d2504718-4c64-4164-9134-90237235dd8c,EUR,2023,8,1681.6200000000001
d2504718-4c64-4164-9134-90237235dd8c,EUR,2023,7,-1700.73
d2504718-4c64-4164-9134-90237235dd8c,EUR,2023,6,-368.9
d2504718-4c64-4164-9134-90237235dd8c,EUR,2023,3,646.51
d2504718-4c64-4164-9134-90237235dd8c,EUR,2023,1,441.54999999999995
d2504718-4c64-4164-9134-90237235dd8c,EUR,2022,12,-385.2
d2504718-4c64-4164-9134-90237235dd8c,EUR,2022,10,411.62
d2504718-4c64-4164-9134-90237235dd8c,EUR,2022,9,905.22
d2504718-4c64-4164-9134-90237235dd8c,EUR,2022,8,-1032.77
d2504718-4c64-4164-9134-90237235dd8c,EUR,2022,7,-593.12
d2504718-4c64-4164-9134-90237235dd8c,EUR,2022,6,2105.78
d2504718-4c64-4164-9134-90237235dd8c,EUR,2022,5,566.1600000000001
d2504718-4c64-4164-9134-90237235dd8c,EUR,2022,4,-630.16
d2504718-4c64-4164-9134-90237235dd8c,EUR,2022,3,1194.57
d2504718-4c64-4164-9134-90237235dd8c,EUR,2022,2,435.7
d2504718-4c64-4164-9134-90237235dd8c,EUR,2022,1,599.17
d2504718-4c64-4164-9134-90237235dd8c,EUR,2021,11,269.49
d2504718-4c64-4164-9134-90237235dd8c,EUR,2021,10,847.59
d2504718-4c64-4164-9134-90237235dd8c,EUR,2021,9,-831.48
d2504718-4c64-4164-9134-90237235dd8c,EUR,2021,8,65.50999999999999
d2504718-4c64-4164-9134-90237235dd8c,EUR,2021,5,-2331.8500000000004
d2504718-4c64-4164-9134-90237235dd8c,EUR,2021,4,-721.67
d2504718-4c64-4164-9134-90237235dd8c,EUR,2021,3,261.98
d2504718-4c64-4164-9134-90237235dd8c,EUR,2021,1,84.96
d2504718-4c64-4164-9134-90237235dd8c,EUR,2020,10,-812.2299999999999
d2504718-4c64-4164-9134-90237235dd8c,EUR,2020,9,1214.92
d2504718-4c64-4164-9134-90237235dd8c,EUR,2020,7,197.53
d2504718-4c64-4164-9134-90237235dd8c,EUR,2020,5,1905.1799999999998
d2504718-4c64-4164-9134-90237235dd8c,EUR,2020,4,2477.52
d2504718-4c64-4164-9134-90237235dd8c,EUR,2020,2,-128.93
d2504718-4c64-4164-9134-90237235dd8c,EUR,2020,1,29.14
d2504718-4c64-4164-9134-90237235dd8c,EUR,2019,12,1091.23
d2504718-4c64-4164-9134-90237235dd8c,EUR,2019,11,489.2
d2504718-4c64-4164-9134-90237235dd8c,EUR,2019,9,-743.55
d2504718-4c64-4164-9134-90237235dd8c,EUR,2019,3,149.77
d2504718-4c64-4164-9134-90237235dd8c,EUR,2019,2,-550.48
d2504718-4c64-4164-9134-90237235dd8c,EUR,2019,1,482.6
d6b1713e-bde0-42cc-a1f3-20c848016c90,GBP,2023,2,1414.8
d6b1713e-bde0-42cc-a1f3-20c848016c90,GBP,2023,1,-368.5
d6b1713e-bde0-42cc-a1f3-20c848016c90,GBP,2022,12,1761.0
d6b1713e-bde0-42cc-a1f3-20c848016c90,GBP,2022,9,1711.0
d6b1713e-bde0-42cc-a1f3-20c848016c90,GBP,2021,8,314.4
d6b1713e-bde0-42cc-a1f3-20c848016c90,GBP,2021,4,438.77
d6b1713e-bde0-42cc-a1f3-20c848016c90,GBP,2020,7,-582.96
d6b1713e-bde0-42cc-a1f3-20c848016c90,GBP,2020,1,224.59
d6b1713e-bde0-42cc-a1f3-20c848016c90,GBP,2019,12,597.36
d6b1713e-bde0-42cc-a1f3-20c848016c90,GBP,2019,6,1866.35
e95a178a-bc64-432d-ada6-01336bbfecec,EUR,2023,11,1.0899999999999181
e95a178a-bc64-432d-ada6-01336bbfecec,EUR,2023,10,-878.7199999999998
e95a178a-bc64-432d-ada6-01336bbfecec,EUR,2023,9,-1441.54
e95a178a-bc64-432d-ada6-01336bbfecec,EUR,2023,8,1537.7800000000002
e95a178a-bc64-432d-ada6-01336bbfecec,EUR,2023,7,253.37
e95a178a-bc64-432d-ada6-01336bbfecec,EUR,2023,6,1335.88
e95a178a-bc64-432d-ada6-01336bbfecec,EUR,2023,5,-1787.07
e95a178a-bc64-432d-ada6-01336bbfecec,EUR,2023,4,1426.62
e95a178a-bc64-432d-ada6-01336bbfecec,EUR,2023,3,761.33
e95a178a-bc64-432d-ada6-01336bbfecec,EUR,2023,1,-3873.6799999999994
e95a178a-bc64-432d-ada6-01336bbfecec,EUR,2022,12,-40.850000000000364
e95a178a-bc64-432d-ada6-01336bbfecec,EUR,2022,11,-2173.83
e95a178a-bc64-432d-ada6-01336bbfecec,EUR,2022,10,-465.16999999999996
e95a178a-bc64-432d-ada6-01336bbfecec,EUR,2022,9,383.5800000000001
e95a178a-bc64-432d-ada6-01336bbfecec,EUR,2022,8,-777.03
e95a178a-bc64-432d-ada6-01336bbfecec,EUR,2022,7,-1876.5
e95a178a-bc64-432d-ada6-01336bbfecec,EUR,2022,6,669.0100000000001
e95a178a-bc64-432d-ada6-01336bbfecec,EUR,2022,5,947.9600000000002
e95a178a-bc64-432d-ada6-01336bbfecec,EUR,2022,4,-585.8299999999998
e95a178a-bc64-432d-ada6-01336bbfecec,EUR,2022,3,188.39
e95a178a-bc64-432d-ada6-01336bbfecec,EUR,2022,2,-465.3399999999999
e95a178a-bc64-432d-ada6-01336bbfecec,EUR,2022,1,-1145.5500000000002
e95a178a-bc64-432d-ada6-01336bbfecec,EUR,2021,12,-1827.2600000000002
e95a178a-bc64-432d-ada6-01336bbfecec,EUR,2021,10,641.5
e95a178a-bc64-432d-ada6-01336bbfecec,EUR,2021,9,634.53
e95a178a-bc64-432d-ada6-01336bbfecec,EUR,2021,8,1429.82
e95a178a-bc64-432d-ada6-01336bbfecec,EUR,2021,7,212.17000000000007
e95a178a-bc64-432d-ada6-01336bbfecec,EUR,2021,6,-34.190000000000055
e95a178a-bc64-432d-ada6-01336bbfecec,EUR,2021,5,544.9099999999999
e95a178a-bc64-432d-ada6-01336bbfecec,EUR,2021,4,2783.18
e95a178a-bc64-432d-ada6-01336bbfecec,EUR,2021,3,-1068.14
e95a178a-bc64-432d-ada6-01336bbfecec,EUR,2021,2,3945.6499999999996
e95a178a-bc64-432d-ada6-01336bbfecec,EUR,2021,1,1731.33
e95a178a-bc64-432d-ada6-01336bbfecec,EUR,2020,12,-4064.0900000000006
e95a178a-bc64-432d-ada6-01336bbfecec,EUR,2020,11,1860.8700000000001
e95a178a-bc64-432d-ada6-01336bbfecec,EUR,2020,10,812.1099999999999
e95a178a-bc64-432d-ada6-01336bbfecec,EUR,2020,9,3772.77
e95a178a-bc64-432d-ada6-01336bbfecec,EUR,2020,8,591.26
e95a178a-bc64-432d-ada6-01336bbfecec,EUR,2020,7,692.01
e95a178a-bc64-432d-ada6-01336bbfecec,EUR,2020,6,-890.95
e95a178a-bc64-432d-ada6-01336bbfecec,EUR,2020,5,-493.95000000000005
e95a178a-bc64-432d-ada6-01336bbfecec,EUR,2020,4,-2673.9300000000003
e95a178a-bc64-432d-ada6-01336bbfecec,EUR,2020,3,870.53
e95a178a-bc64-432d-ada6-01336bbfecec,EUR,2020,2,1496.0500000000002
e95a178a-bc64-432d-ada6-01336bbfecec,EUR,2020,1,-211.29000000000008
e95a178a-bc64-432d-ada6-01336bbfecec,EUR,2019,12,-2797.7200000000003
e95a178a-bc64-432d-ada6-01336bbfecec,EUR,2019,11,27.870000000000005
e95a178a-bc64-432d-ada6-01336bbfecec,EUR,2019,10,24.68999999999994
e95a178a-bc64-432d-ada6-01336bbfecec,EUR,2019,9,55.809999999999945
e95a178a-bc64-432d-ada6-01336bbfecec,EUR,2019,8,1325.88
e95a178a-bc64-432d-ada6-01336bbfecec,EUR,2019,7,2631.67
e95a178a-bc64-432d-ada6-01336bbfecec,EUR,2019,6,-2.390000000000015
e95a178a-bc64-432d-ada6-01336bbfecec,EUR,2019,5,50.13
e95a178a-bc64-432d-ada6-01336bbfecec,EUR,2019,4,-4197.47
e95a178a-bc64-432d-ada6-01336bbfecec,EUR,2019,3,14.379999999999768
e95a178a-bc64-432d-ada6-01336bbfecec,EUR,2019,2,-860.76
e95a178a-bc64-432d-ada6-01336bbfecec,EUR,2019,1,2800.13
f6b63bf5-2bf4-4301-a9c8-c6ab7e961f33,GBP,2023,11,-916.0800000000002
f6b63bf5-2bf4-4301-a9c8-c6ab7e961f33,GBP,2023,10,3583.0800000000004
f6b63bf5-2bf4-4301-a9c8-c6ab7e961f33,GBP,2023,9,558.5900000000001
f6b63bf5-2bf4-4301-a9c8-c6ab7e961f33,GBP,2023,8,-891.11
f6b63bf5-2bf4-4301-a9c8-c6ab7e961f33,GBP,2023,7,2163.7000000000003
f6b63bf5-2bf4-4301-a9c8-c6ab7e961f33,GBP,2023,6,-3452.7200000000003
f6b63bf5-2bf4-4301-a9c8-c6ab7e961f33,GBP,2023,5,-341.0000000000001
f6b63bf5-2bf4-4301-a9c8-c6ab7e961f33,GBP,2023,4,-484.66
f6b63bf5-2bf4-4301-a9c8-c6ab7e961f33,GBP,2023,3,-1101.7000000000003
f6b63bf5-2bf4-4301-a9c8-c6ab7e961f33,GBP,2023,2,-347.8700000000001
f6b63bf5-2bf4-4301-a9c8-c6ab7e961f33,GBP,2023,1,457.19
f6b63bf5-2bf4-4301-a9c8-c6ab7e961f33,GBP,2022,12,-3951.8
f6b63bf5-2bf4-4301-a9c8-c6ab7e961f33,GBP,2022,11,1284.64
f6b63bf5-2bf4-4301-a9c8-c6ab7e961f33,GBP,2022,9,-1429.9099999999999
f6b63bf5-2bf4-4301-a9c8-c6ab7e961f33,GBP,2022,8,-2168.23
f6b63bf5-2bf4-4301-a9c8-c6ab7e961f33,GBP,2022,7,611.46
f6b63bf5-2bf4-4301-a9c8-c6ab7e961f33,GBP,2022,6,1200.2
f6b63bf5-2bf4-4301-a9c8-c6ab7e961f33,GBP,2022,5,-1075.45
f6b63bf5-2bf4-4301-a9c8-c6ab7e961f33,GBP,2022,3,868.24
f6b63bf5-2bf4-4301-a9c8-c6ab7e961f33,GBP,2022,2,-2068.87
f6b63bf5-2bf4-4301-a9c8-c6ab7e961f33,GBP,2022,1,343.6399999999999
f6b63bf5-2bf4-4301-a9c8-c6ab7e961f33,GBP,2021,12,669.6
f6b63bf5-2bf4-4301-a9c8-c6ab7e961f33,GBP,2021,11,1846.52
f6b63bf5-2bf4-4301-a9c8-c6ab7e961f33,GBP,2021,10,1324.5400000000002
f6b63bf5-2bf4-4301-a9c8-c6ab7e961f33,GBP,2021,9,986.13
f6b63bf5-2bf4-4301-a9c8-c6ab7e961f33,GBP,2021,8,-908.13
f6b63bf5-2bf4-4301-a9c8-c6ab7e961f33,GBP,2021,7,-757.6800000000002
f6b63bf5-2bf4-4301-a9c8-c6ab7e961f33,GBP,2021,6,107.13000000000011
f6b63bf5-2bf4-4301-a9c8-c6ab7e961f33,GBP,2021,5,-761.6
f6b63bf5-2bf4-4301-a9c8-c6ab7e961f33,GBP,2021,4,-275.15000000000026
f6b63bf5-2bf4-4301-a9c8-c6ab7e961f33,GBP,2021,3,-623.39
f6b63bf5-2bf4-4301-a9c8-c6ab7e961f33,GBP,2021,1,-1441.0600000000002
f6b63bf5-2bf4-4301-a9c8-c6ab7e961f33,GBP,2020,12,-1169.12
f6b63bf5-2bf4-4301-a9c8-c6ab7e961f33,GBP,2020,11,-2675.7700000000004
f6b63bf5-2bf4-4301-a9c8-c6ab7e961f33,GBP,2020,10,-282.7600000000001
f6b63bf5-2bf4-4301-a9c8-c6ab7e961f33,GBP,2020,9,826.61
f6b63bf5-2bf4-4301-a9c8-c6ab7e961f33,GBP,2020,8,1182.87
f6b63bf5-2bf4-4301-a9c8-c6ab7e961f33,GBP,2020,7,-385.80000000000007
f6b63bf5-2bf4-4301-a9c8-c6ab7e961f33,GBP,2020,6,-3470.6
f6b63bf5-2bf4-4301-a9c8-c6ab7e961f33,GBP,2020,5,2221.37
f6b63bf5-2bf4-4301-a9c8-c6ab7e961f33,GBP,2020,4,730.67
f6b63bf5-2bf4-4301-a9c8-c6ab7e961f33,GBP,2020,3,-2951.66
f6b63bf5-2bf4-4301-a9c8-c6ab7e961f33,GBP,2020,2,101.84999999999997
f6b63bf5-2bf4-4301-a9c8-c6ab7e961f33,GBP,2020,1,1084.6799999999998
f6b63bf5-2bf4-4301-a9c8-c6ab7e961f33,GBP,2019,11,-1966.31
f6b63bf5-2bf4-4301-a9c8-c6ab7e961f33,GBP,2019,10,-364.32000000000005
f6b63bf5-2bf4-4301-a9c8-c6ab7e961f33,GBP,2019,9,405.33
f6b63bf5-2bf4-4301-a9c8-c6ab7e961f33,GBP,2019,8,1834.1
f6b63bf5-2bf4-4301-a9c8-c6ab7e961f33,GBP,2019,7,-262.21
f6b63bf5-2bf4-4301-a9c8-c6ab7e961f33,GBP,2019,6,2223.27
f6b63bf5-2bf4-4301-a9c8-c6ab7e961f33,GBP,2019,5,-1860.3600000000001
f6b63bf5-2bf4-4301-a9c8-c6ab7e961f33,GBP,2019,4,455.5
f6b63bf5-2bf4-4301-a9c8-c6ab7e961f33,GBP,2019,3,-3513.87
f6b63bf5-2bf4-4301-a9c8-c6ab7e961f33,GBP,2019,2,-1628.95
f6b63bf5-2bf4-4301-a9c8-c6ab7e961f33,GBP,2019,1,2287.7599999999998
fb60e0c0-1cf5-40e8-b8d0-411f4568ba4c,GBP,2023,11,-2033.02
fb60e0c0-1cf5-40e8-b8d0-411f4568ba4c,GBP,2023,10,1877.27
fb60e0c0-1cf5-40e8-b8d0-411f4568ba4c,GBP,2023,9,217.75
fb60e0c0-1cf5-40e8-b8d0-411f4568ba4c,GBP,2023,8,4567.65
fb60e0c0-1cf5-40e8-b8d0-411f4568ba4c,GBP,2023,7,1054.8899999999999
fb60e0c0-1cf5-40e8-b8d0-411f4568ba4c,GBP,2023,6,963.1600000000001
fb60e0c0-1cf5-40e8-b8d0-411f4568ba4c,GBP,2023,5,902.01
fb60e0c0-1cf5-40e8-b8d0-411f4568ba4c,GBP,2023,4,-1937.0
fb60e0c0-1cf5-40e8-b8d0-411f4568ba4c,GBP,2023,3,-1078.53
fb60e0c0-1cf5-40e8-b8d0-411f4568ba4c,GBP,2023,2,-2879.3700000000003
fb60e0c0-1cf5-40e8-b8d0-411f4568ba4c,GBP,2023,1,-845.1800000000001
fb60e0c0-1cf5-40e8-b8d0-411f4568ba4c,GBP,2022,12,610.4
fb60e0c0-1cf5-40e8-b8d0-411f4568ba4c,GBP,2022,11,12.210000000000036
fb60e0c0-1cf5-40e8-b8d0-411f4568ba4c,GBP,2022,10,-367.31000000000006
fb60e0c0-1cf5-40e8-b8d0-411f4568ba4c,GBP,2022,9,-1332.22
fb60e0c0-1cf5-40e8-b8d0-411f4568ba4c,GBP,2022,8,1302.79
fb60e0c0-1cf5-40e8-b8d0-411f4568ba4c,GBP,2022,7,561.8999999999999
fb60e0c0-1cf5-40e8-b8d0-411f4568ba4c,GBP,2022,6,-907.55
fb60e0c0-1cf5-40e8-b8d0-411f4568ba4c,GBP,2022,5,-2957.81
fb60e0c0-1cf5-40e8-b8d0-411f4568ba4c,GBP,2022,4,519.68
fb60e0c0-1cf5-40e8-b8d0-411f4568ba4c,GBP,2022,3,-764.5899999999999
fb60e0c0-1cf5-40e8-b8d0-411f4568ba4c,GBP,2022,2,-652.48
fb60e0c0-1cf5-40e8-b8d0-411f4568ba4c,GBP,2022,1,5660.06
fb60e0c0-1cf5-40e8-b8d0-411f4568ba4c,GBP,2021,12,2232.5
fb60e0c0-1cf5-40e8-b8d0-411f4568ba4c,GBP,2021,11,-1284.72
fb60e0c0-1cf5-40e8-b8d0-411f4568ba4c,GBP,2021,10,1701.22
fb60e0c0-1cf5-40e8-b8d0-411f4568ba4c,GBP,2021,9,14.75
fb60e0c0-1cf5-40e8-b8d0-411f4568ba4c,GBP,2021,8,-1869.1599999999996
fb60e0c0-1cf5-40e8-b8d0-411f4568ba4c,GBP,2021,7,-508.25000000000006
fb60e0c0-1cf5-40e8-b8d0-411f4568ba4c,GBP,2021,6,393.85
fb60e0c0-1cf5-40e8-b8d0-411f4568ba4c,GBP,2021,5,2921.58
fb60e0c0-1cf5-40e8-b8d0-411f4568ba4c,GBP,2021,4,-1517.2299999999998
fb60e0c0-1cf5-40e8-b8d0-411f4568ba4c,GBP,2021,3,957.25
fb60e0c0-1cf5-40e8-b8d0-411f4568ba4c,GBP,2021,2,602.23
fb60e0c0-1cf5-40e8-b8d0-411f4568ba4c,GBP,2021,1,-772.71
fb60e0c0-1cf5-40e8-b8d0-411f4568ba4c,GBP,2020,12,1279.29
fb60e0c0-1cf5-40e8-b8d0-411f4568ba4c,GBP,2020,11,-1425.7600000000002
fb60e0c0-1cf5-40e8-b8d0-411f4568ba4c,GBP,2020,10,325.17999999999984
fb60e0c0-1cf5-40e8-b8d0-411f4568ba4c,GBP,2020,9,806.58
fb60e0c0-1cf5-40e8-b8d0-411f4568ba4c,GBP,2020,8,-1257.12
fb60e0c0-1cf5-40e8-b8d0-411f4568ba4c,GBP,2020,7,-1861.55
fb60e0c0-1cf5-40e8-b8d0-411f4568ba4c,GBP,2020,6,-1023.96
fb60e0c0-1cf5-40e8-b8d0-411f4568ba4c,GBP,2020,5,-1664.81
fb60e0c0-1cf5-40e8-b8d0-411f4568ba4c,GBP,2020,4,-3281.17
fb60e0c0-1cf5-40e8-b8d0-411f4568ba4c,GBP,2020,3,1278.0899999999997
fb60e0c0-1cf5-40e8-b8d0-411f4568ba4c,GBP,2020,2,1646.2800000000002
fb60e0c0-1cf5-40e8-b8d0-411f4568ba4c,GBP,2020,1,-1918.8899999999999
fb60e0c0-1cf5-40e8-b8d0-411f4568ba4c,GBP,2019,12,1169.8200000000002
fb60e0c0-1cf5-40e8-b8d0-411f4568ba4c,GBP,2019,11,1397.9299999999998
fb60e0c0-1cf5-40e8-b8d0-411f4568ba4c,GBP,2019,10,-768.3400000000001
fb60e0c0-1cf5-40e8-b8d0-411f4568ba4c,GBP,2019,9,1237.2
fb60e0c0-1cf5-40e8-b8d0-411f4568ba4c,GBP,2019,8,1931.59
fb60e0c0-1cf5-40e8-b8d0-411f4568ba4c,GBP,2019,7,-2189.01
fb60e0c0-1cf5-40e8-b8d0-411f4568ba4c,GBP,2019,6,1388.36
fb60e0c0-1cf5-40e8-b8d0-411f4568ba4c,GBP,2019,5,-118.94
fb60e0c0-1cf5-40e8-b8d0-411f4568ba4c,GBP,2019,4,-1281.1299999999999
fb60e0c0-1cf5-40e8-b8d0-411f4568ba4c,GBP,2019,3,2493.3600000000006
fb60e0c0-1cf5-40e8-b8d0-411f4568ba4c,GBP,2019,2,-237.64
fb60e0c0-1cf5-40e8-b8d0-411f4568ba4c,GBP,2019,1,-2728.55
fbbe0690-0cd1-48eb-aece-f2744db6f895,GBP,2023,11,-47.15999999999997
fbbe0690-0cd1-48eb-aece-f2744db6f895,GBP,2023,10,-1753.77
fbbe0690-0cd1-48eb-aece-f2744db6f895,GBP,2023,9,-319.50999999999976
fbbe0690-0cd1-48eb-aece-f2744db6f895,GBP,2023,8,1612.9
fbbe0690-0cd1-48eb-aece-f2744db6f895,GBP,2023,7,-2717.58
fbbe0690-0cd1-48eb-aece-f2744db6f895,GBP,2023,6,762.4300000000001
fbbe0690-0cd1-48eb-aece-f2744db6f895,GBP,2023,5,-2479.74
fbbe0690-0cd1-48eb-aece-f2744db6f895,GBP,2023,4,3962.88
fbbe0690-0cd1-48eb-aece-f2744db6f895,GBP,2023,3,-1203.6699999999998
fbbe0690-0cd1-48eb-aece-f2744db6f895,GBP,2023,2,-5859.570000000001
fbbe0690-0cd1-48eb-aece-f2744db6f895,GBP,2023,1,554.03
fbbe0690-0cd1-48eb-aece-f2744db6f895,GBP,2022,12,390.5200000000002
fbbe0690-0cd1-48eb-aece-f2744db6f895,GBP,2022,11,-883.7600000000002
fbbe0690-0cd1-48eb-aece-f2744db6f895,GBP,2022,10,-2684.51
fbbe0690-0cd1-48eb-aece-f2744db6f895,GBP,2022,9,-3319.2700000000004
fbbe0690-0cd1-48eb-aece-f2744db6f895,GBP,2022,8,1348.0100000000002
fbbe0690-0cd1-48eb-aece-f2744db6f895,GBP,2022,7,1054.0099999999998
fbbe0690-0cd1-48eb-aece-f2744db6f895,GBP,2022,6,4650.99
fbbe0690-0cd1-48eb-aece-f2744db6f895,GBP,2022,5,-634.8600000000005
fbbe0690-0cd1-48eb-aece-f2744db6f895,GBP,2022,4,1751.79
fbbe0690-0cd1-48eb-aece-f2744db6f895,GBP,2022,3,2457.29
fbbe0690-0cd1-48eb-aece-f2744db6f895,GBP,2022,2,-5172.85
fbbe0690-0cd1-48eb-aece-f2744db6f895,GBP,2022,1,2986.15
fbbe0690-0cd1-48eb-aece-f2744db6f895,GBP,2021,12,1628.9399999999996
fbbe0690-0cd1-48eb-aece-f2744db6f895,GBP,2021,11,-3302.62
fbbe0690-0cd1-48eb-aece-f2744db6f895,GBP,2021,10,6136.95
fbbe0690-0cd1-48eb-aece-f2744db6f895,GBP,2021,9,2976.9
fbbe0690-0cd1-48eb-aece-f2744db6f895,GBP,2021,8,-4518.34
fbbe0690-0cd1-48eb-aece-f2744db6f895,GBP,2021,7,-2327.25
fbbe0690-0cd1-48eb-aece-f2744db6f895,GBP,2021,6,971.1800000000001
fbbe0690-0cd1-48eb-aece-f2744db6f895,GBP,2021,5,1.7900000000000773
fbbe0690-0cd1-48eb-aece-f2744db6f895,GBP,2021,4,-2917.2400000000002
fbbe0690-0cd1-48eb-aece-f2744db6f895,GBP,2021,3,-1847.2599999999998
fbbe0690-0cd1-48eb-aece-f2744db6f895,GBP,2021,2,-965.8799999999999
fbbe0690-0cd1-48eb-aece-f2744db6f895,GBP,2021,1,7140.09
fbbe0690-0cd1-48eb-aece-f2744db6f895,GBP,2020,12,2454.1600000000003
fbbe0690-0cd1-48eb-aece-f2744db6f895,GBP,2020,11,-870.9699999999998
fbbe0690-0cd1-48eb-aece-f2744db6f895,GBP,2020,10,-277.8700000000001
fbbe0690-0cd1-48eb-aece-f2744db6f895,GBP,2020,9,675.0100000000002
fbbe0690-0cd1-48eb-aece-f2744db6f895,GBP,2020,8,-2264.49
fbbe0690-0cd1-48eb-aece-f2744db6f895,GBP,2020,7,1363.2600000000002
fbbe0690-0cd1-48eb-aece-f2744db6f895,GBP,2020,6,1126.49
fbbe0690-0cd1-48eb-aece-f2744db6f895,GBP,2020,5,-1638.2999999999995
fbbe0690-0cd1-48eb-aece-f2744db6f895,GBP,2020,4,-5248.620000000001
fbbe0690-0cd1-48eb-aece-f2744db6f895,GBP,2020,3,1558.62
fbbe0690-0cd1-48eb-aece-f2744db6f895,GBP,2020,2,1903.67
fbbe0690-0cd1-48eb-aece-f2744db6f895,GBP,2020,1,-913.1799999999995
fbbe0690-0cd1-48eb-aece-f2744db6f895,GBP,2019,12,-1035.53
fbbe0690-0cd1-48eb-aece-f2744db6f895,GBP,2019,11,-532.53
fbbe0690-0cd1-48eb-aece-f2744db6f895,GBP,2019,10,1478.3500000000001
fbbe0690-0cd1-48eb-aece-f2744db6f895,GBP,2019,9,-3841.4399999999996
fbbe0690-0cd1-48eb-aece-f2744db6f895,GBP,2019,8,107.10000000000014
fbbe0690-0cd1-48eb-aece-f2744db6f895,GBP,2019,7,6012.460000000001
fbbe0690-0cd1-48eb-aece-f2744db6f895,GBP,2019,6,1031.7199999999998
fbbe0690-0cd1-48eb-aece-f2744db6f895,GBP,2019,5,319.28
fbbe0690-0cd1-48eb-aece-f2744db6f895,GBP,2019,4,2437.12
fbbe0690-0cd1-48eb-aece-f2744db6f895,GBP,2019,3,1871.06
fbbe0690-0cd1-48eb-aece-f2744db6f895,GBP,2019,2,-1826.4299999999998
fbbe0690-0cd1-48eb-aece-f2744db6f895,GBP,2019,1,1520.28
